,lat,long,NDVI,B1,B2,B3,B4,B5,B6,B7,B8,B8A,B9,B10,B11,B12,Ca [mg/kg]
0,43.2764,-2.0256,0.036946564885496185,2179.0,1743.0,1467.0,1577.0,2171.0,2217.0,2312.0,1698.0,2209.0,957.0,12.0,1791.0,1227.0,1770.0
1,43.1697,-2.3242,0.03577882182869534,1410.0,1449.0,1335.0,1334.0,1534.0,1764.0,1737.0,1433.0,1826.0,664.0,9.0,1530.0,1440.0,2500.0
2,43.3342,-5.3128,0.10857142857142857,1012.0,682.0,397.0,234.0,276.0,428.0,495.0,291.0,474.0,185.0,7.0,246.0,122.0,10.0
3,43.7008,-7.6636,0.041189222669557136,5355.0,4905.0,4490.0,4644.0,4704.0,5034.0,5259.0,5043.0,5409.0,2339.0,33.0,3189.0,2031.0,9.0
4,43.63,-7.9478,0.0417022487902078,6616.0,6557.0,6293.0,6733.0,6860.0,7337.0,7680.0,7319.0,7890.0,3089.0,30.0,5334.0,3435.0,2500.0
5,43.5681,-8.1842,0.03849493487698987,7031.0,6652.0,6215.0,6644.0,6831.0,7158.0,7404.0,7176.0,7530.0,4021.0,149.0,5262.0,3863.0,928.0
6,43.4031,-4.9975,0.03001721685754922,6532.0,6485.0,6118.0,6479.0,6515.0,6760.0,7059.0,6880.0,7206.0,2931.0,87.0,5230.0,4049.0,315.0
7,43.2792,-4.9872,0.003050421675937556,8304.0,8170.0,7775.0,8334.0,8317.0,8480.0,8864.0,8385.0,8992.0,3379.0,39.0,4539.0,2909.0,743.0
8,43.262,-4.9986,0.0006539366989275438,7620.0,7559.0,7176.0,7641.0,7599.0,7801.0,8109.0,7651.0,8254.0,2769.0,31.0,4229.0,2687.0,2500.0
9,43.2606,-5.013,0.006929570366637269,7629.0,7702.0,7332.0,7882.0,7852.0,8069.0,8401.0,7992.0,8558.0,2916.0,33.0,4618.0,2996.0,2500.0
10,43.2642,-5.0205,0.012638436482084691,7541.0,7494.0,7128.0,7578.0,7553.0,7762.0,8071.0,7772.0,8194.0,2902.0,32.0,4327.0,2660.0,799.0
11,43.2025,-5.2114,0.020402236259348,6880.0,6708.0,6326.0,6746.0,6742.0,6981.0,7257.0,7027.0,7350.0,3014.0,36.0,4215.0,2627.0,1149.0
12,43.1942,-5.1564,0.01910828025477707,7435.0,7412.0,7030.0,7469.0,7446.0,7681.0,7960.0,7760.0,8076.0,3120.0,39.0,4858.0,3338.0,104.0
13,43.1458,-5.1283,0.013680297397769516,6672.0,6416.0,6155.0,6633.0,6728.0,7020.0,7319.0,6817.0,7468.0,3231.0,52.0,4641.0,3248.0,111.0
14,43.1033,-5.2164,0.01303538175046555,8595.0,8374.0,8093.0,8745.0,8850.0,9137.0,9451.0,8976.0,9579.0,4358.0,48.0,5126.0,3210.0,150.0
15,43.1106,-5.2217,0.029609690444145357,7063.0,7210.0,6821.0,7210.0,7058.0,7367.0,7681.0,7650.0,7741.0,3060.0,34.0,3697.0,2218.0,2500.0
16,43.1445,-5.2914,0.011977249916359987,7345.0,7243.0,6888.0,7383.0,7359.0,7635.0,7868.0,7562.0,7948.0,3378.0,50.0,4057.0,2453.0,316.0
17,43.1008,-5.3061,0.014056089851368619,7375.0,7153.0,6820.0,7330.0,7467.0,7718.0,8009.0,7539.0,8143.0,3524.0,40.0,4446.0,2808.0,204.0
18,43.1111,-5.3217,0.014177287698696835,7048.0,6909.0,6488.0,6884.0,6866.0,7062.0,7292.0,7082.0,7337.0,3068.0,38.0,3464.0,2051.0,147.0
19,43.1967,-5.4255,0.002297341647522153,8913.0,8792.0,8451.0,9120.0,9122.0,9309.0,9665.0,9162.0,9817.0,3982.0,46.0,5116.0,3308.0,1627.0
20,43.0597,-5.4025,0.020486662764445187,5970.0,5795.0,5503.0,5857.0,5891.0,6153.0,6374.0,6102.0,6487.0,2739.0,32.0,4246.0,2939.0,730.0
21,43.0008,-5.7658,0.15303593556381662,1125.0,1317.0,1286.0,1367.0,1367.0,1839.0,2025.0,1861.0,2043.0,907.0,13.0,1672.0,1186.0,1338.0
22,43.0336,-6.2383,0.16142735768903993,1218.0,1232.0,1045.0,987.0,997.0,1305.0,1479.0,1367.0,1691.0,933.0,76.0,1710.0,1309.0,2500.0
23,43.0617,-6.3233,0.18457943925233644,1093.0,780.0,519.0,349.0,388.0,446.0,497.0,507.0,508.0,358.0,44.0,447.0,247.0,2500.0
24,43.06,-6.3772,0.11513157894736842,1029.0,731.0,448.0,269.0,250.0,334.0,340.0,339.0,335.0,206.0,39.0,188.0,101.0,267.0
25,42.9453,-6.743,0.047800108636610536,1388.0,1237.0,1436.0,1753.0,1985.0,2182.0,2342.0,1929.0,2203.0,784.0,12.0,2637.0,1927.0,220.0
26,43.5136,-7.6697,0.03357801030766828,6280.0,6332.0,5935.0,6188.0,6145.0,6482.0,6731.0,6618.0,6863.0,2371.0,54.0,4259.0,2902.0,74.0
27,43.5361,-7.6461,0.006953944368445052,8678.0,8600.0,8168.0,8711.0,8772.0,8986.0,9247.0,8833.0,9326.0,4274.0,116.0,5207.0,3526.0,99.0
28,43.5947,-7.4186,0.19919737322145203,2391.0,2342.0,2179.0,2195.0,2410.0,3012.0,3398.0,3287.0,3658.0,1024.0,12.0,3052.0,2435.0,118.0
29,43.593,-7.4586,0.1535030175806875,3397.0,3284.0,3125.0,3226.0,3341.0,4117.0,4467.0,4396.0,4761.0,1485.0,16.0,4050.0,3460.0,56.0
30,43.4541,-7.4053,0.11876208897485493,3461.0,3257.0,3188.0,3417.0,3477.0,4173.0,4555.0,4338.0,4798.0,1527.0,20.0,4521.0,3658.0,131.0
31,43.4947,-7.6686,0.12132963988919668,4227.0,4055.0,3853.0,3965.0,4022.0,4786.0,5086.0,5060.0,5304.0,1895.0,55.0,3577.0,2640.0,172.0
32,40.7735,0.3335,0.11449371277299801,2501.0,2999.0,2714.0,2676.0,2728.0,3049.0,3268.0,3368.0,3346.0,750.0,14.0,3074.0,2181.0,7304.0
33,40.0285,-2.0416,0.1726295210166178,1425.0,1323.0,1479.0,2116.0,2360.0,2640.0,2962.0,2999.0,3355.0,1331.0,19.0,3700.0,2438.0,6554.0
34,40.4563,-4.8695,0.18100314998788467,1391.0,1362.0,1445.0,1690.0,1728.0,2157.0,2354.0,2437.0,2593.0,1211.0,19.0,3560.0,2628.0,850.0
35,37.8228,-2.8361,0.12670723461798514,2092.0,2240.0,2625.0,3229.0,3576.0,3840.0,4201.0,4166.0,4531.0,2120.0,28.0,5395.0,4040.0,4065.0
36,37.9228,-2.55,0.18243834178765087,1533.0,1595.0,1872.0,2337.0,2715.0,3245.0,3597.0,3380.0,3791.0,1700.0,23.0,4219.0,3297.0,8805.0
37,42.5008,-2.6333,0.09708877097375591,1615.0,1844.0,2220.0,3148.0,3303.0,3628.0,3781.0,3825.0,4006.0,1573.0,23.0,4606.0,3830.0,3720.0
38,42.5827,-2.7833,0.1938986556359876,1436.0,1405.0,1387.0,1559.0,1595.0,2157.0,2362.0,2309.0,2534.0,1157.0,16.0,2588.0,1846.0,1440.0
39,42.5846,-2.6667,0.14188861985472154,1324.0,1470.0,1675.0,1772.0,2190.0,2496.0,2940.0,2358.0,2797.0,1377.0,16.0,2926.0,2262.0,5640.0
40,42.4994,-2.6166,0.112737410698728,1689.0,1780.0,2005.0,2546.0,2648.0,2881.0,3087.0,3193.0,3289.0,1430.0,21.0,4103.0,3365.0,660.0
41,39.2396,-2.3486,0.13396601191789892,1452.0,1192.0,1333.0,1962.0,2179.0,2513.0,2701.0,2569.0,2959.0,1497.0,17.0,3606.0,2951.0,2660.0
42,39.0173,-2.0166,0.16121376504492288,1644.0,1562.0,1777.0,2474.0,2771.0,3201.0,3477.0,3425.0,3743.0,2026.0,41.0,4600.0,3739.0,1580.0
43,38.9173,-1.8333,0.10689703610057592,1638.0,1754.0,2127.0,3179.0,3311.0,3573.0,3885.0,3940.0,4208.0,1640.0,20.0,4972.0,3752.0,2700.0
44,38.8006,-1.7333,0.1491108071135431,1609.0,1360.0,1544.0,1866.0,1973.0,2114.0,2370.0,2520.0,2545.0,1115.0,18.0,3090.0,2539.0,2860.0
45,38.6908,-2.6988,0.10761854022376133,1540.0,1328.0,1339.0,1675.0,2128.0,2333.0,2422.0,2079.0,2584.0,1021.0,14.0,3533.0,3062.0,740.0
46,38.6506,-2.55,0.11901375059269796,1255.0,1168.0,1195.0,1858.0,2044.0,2285.0,2511.0,2360.0,2830.0,1158.0,17.0,3480.0,2346.0,2660.0
47,38.2006,-0.7999,0.1522491349480969,1941.0,1670.0,1536.0,1715.0,1857.0,2232.0,2542.0,2331.0,2826.0,605.0,18.0,3141.0,2220.0,360.0
48,38.2006,-0.7666,0.18845950238221282,1717.0,1616.0,1550.0,1533.0,1424.0,1773.0,2010.0,2245.0,2345.0,305.0,13.0,1582.0,985.0,500.0
49,38.184,-0.6332,0.11917750734368443,1596.0,1714.0,1924.0,2099.0,2357.0,2414.0,2659.0,2667.0,2551.0,262.0,13.0,127.0,73.0,320.0
50,38.0173,-0.8832,0.08258130427379533,2128.0,2231.0,2339.0,2694.0,2274.0,2645.0,2898.0,3179.0,3294.0,638.0,10.0,3401.0,2519.0,1840.0
51,37.8173,-2.2333,0.07657550535077289,2008.0,2189.0,2739.0,3883.0,4127.0,4381.0,4668.0,4527.0,4841.0,1994.0,24.0,5605.0,4588.0,2320.0
52,37.7006,-2.2833,0.08505747126436781,1658.0,1741.0,2117.0,2985.0,3113.0,3336.0,3516.0,3540.0,3732.0,1557.0,19.0,4564.0,3906.0,7040.0
53,37.6006,-2.3,0.11583276216586703,1503.0,1486.0,1804.0,2580.0,2774.0,3070.0,3352.0,3256.0,3539.0,1489.0,20.0,4055.0,3312.0,3080.0
54,37.5506,-2.1333,0.10276986797825524,1586.0,1512.0,1510.0,1733.0,1751.0,1986.0,2119.0,2130.0,2231.0,903.0,13.0,2400.0,1790.0,1480.0
55,37.4173,-2.4166,0.11142533936651584,1377.0,1281.0,1322.0,1571.0,1680.0,1848.0,1988.0,1965.0,2146.0,820.0,13.0,2568.0,1888.0,980.0
56,37.4673,-2.35,0.12535344015080113,1513.0,1446.0,1688.0,2320.0,2519.0,2870.0,3137.0,2985.0,3300.0,1317.0,18.0,3502.0,2857.0,5260.0
57,37.4339,-2.2333,0.08609846020386033,1566.0,1568.0,1723.0,2107.0,2011.0,2123.0,2294.0,2504.0,2430.0,925.0,15.0,2932.0,2267.0,940.0
58,37.3839,-2.1387,0.08371979497193067,2024.0,1664.0,1589.0,1877.0,2548.0,2923.0,3106.0,2220.0,2979.0,1029.0,14.0,3191.0,2570.0,1740.0
59,37.4839,-2.0833,0.002277904328018223,1608.0,1505.0,1475.0,1533.0,1516.0,1563.0,1602.0,1540.0,1593.0,660.0,12.0,1473.0,1163.0,900.0
60,36.8006,-2.0625,0.023238747553816046,2630.0,3053.0,3320.0,3993.0,3699.0,3909.0,4093.0,4183.0,4172.0,1190.0,18.0,4131.0,3351.0,3160.0
61,37.3339,-2.5666,0.1192198804655552,1341.0,1165.0,1159.0,1400.0,1459.0,1637.0,1751.0,1779.0,1930.0,859.0,15.0,2688.0,2035.0,700.0
62,37.2006,-2.5166,0.15722427086825344,1312.0,1168.0,1185.0,1257.0,1412.0,1651.0,1778.0,1726.0,1867.0,809.0,11.0,1895.0,1372.0,960.0
63,37.2006,-2.3,0.10595647193585338,1340.0,1236.0,1297.0,1561.0,1657.0,1814.0,1984.0,1931.0,2072.0,853.0,13.0,2725.0,1957.0,1620.0
64,37.1839,-2.2,0.04842322936412201,1721.0,2038.0,2186.0,2761.0,2792.0,2895.0,3201.0,3042.0,3290.0,1002.0,15.0,3593.0,2837.0,1640.0
65,37.2339,-1.8333,0.1830289193302892,2150.0,1750.0,1867.0,2147.0,2598.0,3245.0,3524.0,3109.0,3570.0,1080.0,18.0,3301.0,2725.0,1200.0
66,37.1173,-2.7667,0.15379494007989347,1281.0,1152.0,1160.0,1271.0,1348.0,1591.0,1772.0,1733.0,1831.0,701.0,12.0,1738.0,1231.0,1840.0
67,37.0006,-2.7333,0.08312056737588652,1504.0,1438.0,1492.0,1616.0,1639.0,1849.0,1960.0,1909.0,2071.0,736.0,13.0,2174.0,1635.0,1240.0
68,37.0339,-2.5666,0.0812720848056537,1447.0,1253.0,1247.0,1430.0,1511.0,1641.0,1771.0,1683.0,1853.0,768.0,12.0,2192.0,1626.0,2420.0
69,37.0839,-2.35,0.0028836911246395386,1600.0,1443.0,1439.0,1556.0,1612.0,1656.0,1716.0,1565.0,1753.0,607.0,11.0,1682.0,1334.0,240.0
70,37.1506,-2.25,0.08987226277372262,1610.0,1483.0,1573.0,1995.0,2126.0,2320.0,2514.0,2389.0,2728.0,963.0,15.0,3461.0,2643.0,460.0
71,37.0839,-2.2333,0.13800229621125143,1449.0,1376.0,1467.0,1877.0,1984.0,2293.0,2574.0,2478.0,2818.0,922.0,11.0,2787.0,2028.0,460.0
72,37.1506,-2.1333,0.0861169102296451,1578.0,1501.0,1512.0,1751.0,1829.0,1952.0,2106.0,2081.0,2281.0,844.0,14.0,2960.0,2157.0,840.0
73,37.1673,-1.8499,0.08779129415213249,1814.0,2371.0,2747.0,3112.0,2937.0,3387.0,3620.0,3711.0,3849.0,981.0,17.0,3697.0,2811.0,3520.0
74,36.9006,-2.9833,0.09170912459471978,1619.0,1532.0,1712.0,1961.0,2145.0,2376.0,2534.0,2357.0,2693.0,797.0,10.0,2885.0,2196.0,940.0
75,36.9673,-2.9167,0.1942797349145448,1182.0,1204.0,1121.0,1155.0,1301.0,1671.0,1834.0,1712.0,1960.0,801.0,11.0,1820.0,1283.0,780.0
76,37.0006,-2.8833,0.19532237673830594,1307.0,1146.0,1165.0,1273.0,1433.0,1787.0,1925.0,1891.0,2056.0,879.0,14.0,2160.0,1542.0,1600.0
77,36.9839,-2.7667,0.18097281831187412,1220.0,1052.0,1055.0,1145.0,1274.0,1470.0,1610.0,1651.0,1747.0,695.0,13.0,2144.0,1527.0,2140.0
78,36.8839,-2.5166,0.09474218948437897,1536.0,1517.0,1527.0,1782.0,1909.0,2119.0,2254.0,2155.0,2382.0,741.0,17.0,3241.0,2548.0,900.0
79,36.9506,-2.4833,0.11716621253405994,1631.0,1663.0,1666.0,1944.0,2002.0,2321.0,2528.0,2460.0,2773.0,877.0,15.0,2797.0,2116.0,580.0
80,37.0006,-2.3333,0.16097952629466078,1217.0,1030.0,961.0,1045.0,1202.0,1415.0,1522.0,1446.0,1676.0,645.0,13.0,1922.0,1295.0,1340.0
81,36.9173,-2.2166,0.12474622152041506,1928.0,1653.0,1705.0,1940.0,2187.0,2508.0,2701.0,2493.0,2788.0,896.0,21.0,2675.0,2114.0,900.0
82,36.8673,-2.15,0.09181886414811108,1682.0,1507.0,1519.0,1815.0,2006.0,2149.0,2329.0,2182.0,2505.0,808.0,20.0,3170.0,2566.0,760.0
83,36.8506,-2.0833,0.15161676646706587,1545.0,1477.0,1514.0,1771.0,2026.0,2401.0,2641.0,2404.0,2723.0,859.0,20.0,3415.0,2442.0,2620.0
84,37.0006,-1.9666,0.1275980005261773,1617.0,1514.0,1459.0,1658.0,1876.0,2030.0,2209.0,2143.0,2373.0,749.0,15.0,2892.0,2112.0,1180.0
85,36.8839,-2.0333,0.17386298215313759,1530.0,1315.0,1305.0,1435.0,1634.0,1907.0,2041.0,2039.0,2214.0,703.0,16.0,2484.0,1743.0,1980.0
86,36.7673,-3.1167,0.10170178282009724,1628.0,1640.0,1864.0,2217.0,2145.0,2591.0,2773.0,2719.0,2840.0,825.0,13.0,2651.0,2004.0,920.0
87,36.8173,-2.9333,0.1685836345711469,1416.0,1183.0,1134.0,1265.0,1446.0,1765.0,1887.0,1778.0,2115.0,621.0,13.0,2404.0,1647.0,2460.0
88,36.7173,-2.6833,0.06763157894736842,3878.0,3361.0,3236.0,3543.0,3497.0,3995.0,4192.0,4057.0,4443.0,1360.0,17.0,3409.0,2360.0,1760.0
89,36.7506,-2.6333,0.012219286657859974,2190.0,2750.0,2716.0,2991.0,2910.0,3079.0,3183.0,3065.0,3284.0,842.0,16.0,3021.0,2128.0,1440.0
90,36.8339,-2.25,0.09540636042402827,1687.0,1518.0,1548.0,1920.0,2111.0,2321.0,2551.0,2325.0,2747.0,878.0,21.0,3264.0,2573.0,1020.0
91,36.7673,-2.2,0.08714107365792759,1569.0,1390.0,1405.0,1828.0,1923.0,2097.0,2258.0,2177.0,2337.0,707.0,16.0,3190.0,2572.0,1800.0
92,36.7839,-2.2333,0.08687615526802218,1518.0,1394.0,1408.0,1729.0,1727.0,1913.0,2082.0,2058.0,2215.0,686.0,17.0,2253.0,1784.0,4440.0
93,36.8173,-2.0666,0.07361041562343515,1592.0,1514.0,1535.0,1850.0,1792.0,1898.0,2040.0,2144.0,2201.0,706.0,18.0,2675.0,2030.0,4640.0
94,43.4175,-5.0334,0.01202825685737924,7605.0,7604.0,7253.0,7762.0,7697.0,7988.0,8311.0,7951.0,8461.0,2937.0,56.0,5423.0,3699.0,300.0
95,43.3174,-5.1001,0.005058168942842691,7832.0,7818.0,7431.0,7868.0,7784.0,8008.0,8278.0,7948.0,8347.0,2988.0,58.0,4674.0,3408.0,100.0
96,43.3008,-5.0835,0.009733443603282651,7739.0,7810.0,7350.0,7783.0,7699.0,7884.0,8183.0,7936.0,8303.0,3015.0,56.0,4594.0,3438.0,9200.0
97,43.0674,-5.4335,0.025636643308836096,5986.0,5735.0,5403.0,5701.0,5835.0,6059.0,6323.0,6001.0,6420.0,2564.0,28.0,3488.0,2084.0,720.0
98,43.1508,-5.1335,0.04046920821114369,5931.0,5887.0,5473.0,5726.0,5824.0,6080.0,6355.0,6209.0,6469.0,2616.0,51.0,4049.0,2899.0,100.0
99,40.9507,-4.9668,0.19916839916839918,1446.0,1126.0,978.0,963.0,1090.0,1359.0,1456.0,1442.0,1587.0,856.0,22.0,2208.0,1438.0,5740.0
100,40.6007,-4.8334,0.11186617877679038,1717.0,1515.0,1462.0,1699.0,1984.0,2130.0,2280.0,2127.0,2514.0,1375.0,46.0,3269.0,2923.0,1000.0
101,40.984,-4.7584,0.19389978213507625,1684.0,1447.0,1393.0,1665.0,2050.0,2342.0,2636.0,2466.0,2923.0,1484.0,22.0,3848.0,2934.0,1060.0
102,41.1174,-4.7668,0.12185592185592185,1688.0,1511.0,1485.0,1798.0,1915.0,2079.0,2246.0,2297.0,2481.0,1149.0,18.0,3428.0,2735.0,200.0
103,39.2673,-5.0668,0.19435396308360478,1286.0,1155.0,1217.0,1484.0,1665.0,1955.0,2166.0,2200.0,2431.0,987.0,15.0,3094.0,1843.0,600.0
104,39.0812,-6.853,0.16786703601108033,1269.0,1181.0,1178.0,1502.0,1599.0,1891.0,2133.0,2108.0,2432.0,731.0,13.0,2385.0,1302.0,740.0
105,38.794,-6.8483,0.12334315169366716,1576.0,1629.0,1764.0,2381.0,2538.0,2829.0,3151.0,3051.0,3489.0,940.0,17.0,3781.0,2334.0,1200.0
106,38.7893,-6.8463,0.19023569023569023,1364.0,1323.0,1423.0,1924.0,2233.0,2571.0,2904.0,2828.0,3258.0,918.0,15.0,3676.0,2166.0,1120.0
107,38.794,-6.8424,0.1770015698587127,1364.0,1412.0,1524.0,2097.0,2342.0,2665.0,3017.0,2999.0,3506.0,917.0,16.0,3751.0,2316.0,2400.0
108,38.834,-6.5835,0.12909632571996027,1351.0,1194.0,1341.0,1754.0,1874.0,2150.0,2379.0,2274.0,2580.0,689.0,13.0,3176.0,2434.0,3800.0
109,38.884,-6.0835,0.16606280193236714,1521.0,1222.0,1126.0,1381.0,1501.0,1676.0,1860.0,1931.0,2093.0,1200.0,19.0,2904.0,2482.0,880.0
110,38.7173,-6.9669,0.18334179786693752,1314.0,1252.0,1286.0,1608.0,1770.0,2062.0,2307.0,2330.0,2605.0,750.0,13.0,2614.0,1547.0,1700.0
111,38.8006,-6.6835,0.10728205128205129,1369.0,1376.0,1538.0,2176.0,2297.0,2528.0,2783.0,2699.0,3036.0,762.0,15.0,3540.0,2578.0,1200.0
112,38.684,-6.6835,0.1468397019947128,1254.0,1122.0,1192.0,1775.0,1847.0,2193.0,2477.0,2386.0,2640.0,667.0,13.0,2929.0,2401.0,4800.0
113,38.7673,-6.5169,0.1528002589834898,1479.0,1684.0,1981.0,2617.0,2775.0,3280.0,3579.0,3561.0,3830.0,799.0,14.0,3862.0,3023.0,4600.0
114,38.634,-6.8002,0.15392189038398424,1195.0,991.0,952.0,1289.0,1386.0,1684.0,1865.0,1758.0,1977.0,522.0,12.0,1746.0,1292.0,7660.0
115,38.6173,-6.4835,0.11238779174147218,1483.0,1222.0,1102.0,1236.0,1360.0,1526.0,1648.0,1549.0,1681.0,590.0,11.0,1907.0,1424.0,600.0
116,38.584,-6.3168,0.05640019617459539,1350.0,893.0,704.0,962.0,1163.0,1274.0,1315.0,1077.0,1394.0,786.0,15.0,1844.0,1491.0,4360.0
117,38.5506,-6.2835,0.09070796460176991,1263.0,1002.0,903.0,1233.0,1217.0,1358.0,1477.0,1479.0,1569.0,709.0,8.0,2058.0,1644.0,10300.0
118,38.234,-7.0835,0.12003511081852096,1365.0,1304.0,1435.0,2005.0,2117.0,2409.0,2671.0,2552.0,2874.0,738.0,15.0,3580.0,2497.0,460.0
119,38.284,-7.0002,0.17969878275221787,1472.0,1354.0,1477.0,1988.0,2249.0,2630.0,3010.0,2859.0,3303.0,804.0,15.0,3868.0,2863.0,360.0
120,38.284,-5.7168,0.16410998552821998,1395.0,1212.0,1209.0,1444.0,1719.0,2004.0,2151.0,2011.0,2294.0,1127.0,15.0,2796.0,2300.0,5320.0
121,41.428,1.6749,0.11972753471312549,1758.0,1535.0,1447.0,1680.0,1829.0,2016.0,2217.0,2137.0,2444.0,694.0,18.0,3128.0,2391.0,2380.0
122,41.3889,1.9305,0.18761253150882248,1501.0,1130.0,1049.0,1128.0,1637.0,1975.0,2205.0,1649.0,2292.0,753.0,12.0,2082.0,1742.0,1880.0
123,41.7674,-3.8,0.17935871743486975,1762.0,1765.0,1966.0,2457.0,2556.0,3217.0,3453.0,3531.0,3714.0,1836.0,26.0,4445.0,3527.0,1540.0
124,41.7841,-3.6334,0.15775401069518716,1417.0,1413.0,1624.0,2205.0,2357.0,2697.0,2878.0,3031.0,3056.0,1494.0,22.0,3636.0,3096.0,1800.0
125,41.7174,-3.6834,0.1501145912910619,1431.0,1385.0,1577.0,2225.0,2452.0,2774.0,2956.0,3011.0,3190.0,1556.0,26.0,3920.0,3381.0,500.0
126,41.7007,-3.45,0.18053231939163497,1744.0,1795.0,2048.0,2694.0,2738.0,3341.0,3694.0,3881.0,3957.0,1867.0,28.0,4403.0,3591.0,2020.0
127,40.2424,-6.6919,0.18003992015968065,1223.0,1034.0,962.0,1027.0,1224.0,1437.0,1560.0,1478.0,1649.0,544.0,10.0,1952.0,1425.0,880.0
128,39.884,-5.4668,0.1848281642917016,1668.0,1543.0,1664.0,1945.0,2013.0,2488.0,2886.0,2827.0,3212.0,736.0,17.0,3587.0,2409.0,720.0
129,40.0507,-5.4335,0.17463113851574544,1493.0,1511.0,1570.0,1874.0,1963.0,2467.0,2791.0,2667.0,3138.0,713.0,16.0,3735.0,2513.0,380.0
130,39.984,-6.5669,0.16672212978369386,1386.0,1506.0,1762.0,2504.0,2680.0,2984.0,3309.0,3506.0,3779.0,1193.0,13.0,4048.0,2727.0,580.0
131,36.9006,-5.7001,0.07879333633498424,1526.0,1248.0,1001.0,1023.0,1010.0,1113.0,1212.0,1198.0,1338.0,420.0,7.0,2158.0,1615.0,10900.0
132,36.7506,-6.1835,0.12867355043685463,1713.0,1342.0,1168.0,1097.0,1224.0,1390.0,1541.0,1421.0,1702.0,504.0,17.0,2131.0,1447.0,3880.0
133,36.6841,-6.0779,0.04625346901017576,1953.0,1780.0,1841.0,2062.0,1935.0,1902.0,2118.0,2262.0,2123.0,660.0,13.0,2341.0,1860.0,4760.0
134,36.8006,-5.6168,0.07438752783964366,1410.0,1101.0,912.0,1039.0,1086.0,1186.0,1296.0,1206.0,1386.0,480.0,13.0,2097.0,1650.0,380.0
135,36.5173,-6.0502,0.09413629160063391,1667.0,1473.0,1296.0,1429.0,1325.0,1528.0,1590.0,1726.0,1810.0,646.0,14.0,2611.0,2013.0,5580.0
136,36.2339,-5.8335,0.12297623148467103,1510.0,1230.0,1094.0,1273.0,1342.0,1530.0,1734.0,1630.0,1871.0,614.0,18.0,2747.0,2197.0,5260.0
137,40.6174,-0.1332,0.10384477182896155,3732.0,3965.0,3916.0,3741.0,3787.0,3942.0,3948.0,4608.0,3966.0,1992.0,106.0,3564.0,2463.0,1120.0
138,39.4451,-4.887,0.11045546745343905,1376.0,1450.0,1635.0,2412.0,2645.0,2868.0,3076.0,3011.0,3297.0,1296.0,15.0,3910.0,2858.0,600.0
139,39.4465,-4.7801,0.13890489913544668,1253.0,1097.0,1166.0,1494.0,1616.0,1807.0,1968.0,1976.0,2146.0,923.0,15.0,3486.0,2647.0,500.0
140,39.3507,-2.9333,0.11037839535248861,1557.0,1879.0,2102.0,2833.0,2722.0,3200.0,3485.0,3536.0,3645.0,1480.0,21.0,4280.0,3537.0,900.0
141,39.2673,-3.7334,0.17541436464088397,1475.0,1557.0,1698.0,2388.0,2736.0,3090.0,3453.0,3404.0,3945.0,1355.0,18.0,4243.0,2661.0,560.0
142,39.2673,-3.4334,0.15625,1619.0,1445.0,1517.0,2025.0,2351.0,2635.0,2848.0,2775.0,3251.0,1349.0,21.0,4234.0,3105.0,3520.0
143,39.3173,-3.1833,0.14036950520280314,1462.0,1392.0,1524.0,2024.0,2151.0,2519.0,2759.0,2685.0,2877.0,1055.0,20.0,3620.0,3017.0,2540.0
144,39.284,-2.8667,0.11560891938250428,1724.0,1513.0,1788.0,2578.0,2917.0,3131.0,3386.0,3252.0,3678.0,1847.0,25.0,4791.0,3982.0,1840.0
145,39.0523,-4.1765,0.09788359788359788,1375.0,1112.0,1062.0,1364.0,1471.0,1691.0,1804.0,1660.0,1909.0,810.0,15.0,2152.0,1714.0,7080.0
146,39.0348,-4.157,0.1388660640920296,1390.0,1261.0,1252.0,1572.0,1696.0,1931.0,2114.0,2079.0,2309.0,885.0,16.0,2226.0,1488.0,140.0
147,39.1118,-3.2417,0.1325459317585302,1587.0,1676.0,1886.0,2644.0,2924.0,3117.0,3421.0,3452.0,3973.0,1357.0,21.0,4395.0,2948.0,2820.0
148,39.1173,-3.1167,0.11552875998044647,1627.0,1608.0,1885.0,2714.0,2888.0,3148.0,3431.0,3423.0,3723.0,1278.0,22.0,4813.0,4042.0,3520.0
149,38.834,-3.8334,0.12234227953990938,1662.0,1608.0,1788.0,2518.0,2659.0,2851.0,3157.0,3220.0,3502.0,1384.0,22.0,4331.0,3066.0,240.0
150,38.8687,-3.6945,0.042370678450740835,1527.0,1484.0,1464.0,1842.0,2103.0,2277.0,2384.0,2005.0,2426.0,938.0,17.0,2901.0,2088.0,1700.0
151,38.9257,-3.6536,0.1185292694726657,1389.0,1125.0,1233.0,1822.0,1985.0,2273.0,2479.0,2312.0,2512.0,1057.0,17.0,2705.0,2012.0,3320.0
152,38.837,-3.3947,0.02526351012213485,1727.0,2139.0,2365.0,2913.0,3039.0,3011.0,3382.0,3064.0,3206.0,1111.0,20.0,3299.0,2645.0,500.0
153,38.884,-3.2667,0.07657142857142857,1378.0,1226.0,1323.0,2020.0,2138.0,2292.0,2455.0,2355.0,2576.0,968.0,18.0,3040.0,2691.0,2460.0
154,38.9173,-3.0833,0.1509142983035911,1347.0,1225.0,1283.0,1927.0,2147.0,2439.0,2647.0,2612.0,2905.0,1052.0,17.0,3062.0,2296.0,3400.0
155,38.734,-4.0801,0.11204565935716432,1249.0,980.0,971.0,1478.0,1679.0,1844.0,1993.0,1851.0,2107.0,1036.0,17.0,2877.0,2264.0,2500.0
156,38.722,-3.8956,0.1467072375570528,1428.0,1397.0,1480.0,1963.0,2201.0,2413.0,2751.0,2638.0,2938.0,1133.0,18.0,3146.0,2075.0,5600.0
157,38.8006,-3.4334,0.17036654620547237,1259.0,1073.0,1160.0,1607.0,1766.0,2112.0,2325.0,2267.0,2449.0,1090.0,20.0,3173.0,2520.0,3660.0
158,38.7006,-3.0167,0.0767473732297853,1284.0,1198.0,1286.0,2021.0,2150.0,2264.0,2426.0,2357.0,2585.0,936.0,17.0,3219.0,2605.0,2960.0
159,38.8173,-2.9833,0.07527372262773722,1395.0,1249.0,1354.0,2027.0,2133.0,2307.0,2476.0,2357.0,2589.0,977.0,19.0,3095.0,2635.0,3000.0
160,38.7673,-2.8667,0.09997840639170806,1350.0,1286.0,1465.0,2084.0,2257.0,2476.0,2637.0,2547.0,2865.0,1160.0,19.0,3776.0,2989.0,4860.0
161,38.634,-3.6,0.1372854914196568,1312.0,1105.0,1190.0,1659.0,1807.0,2077.0,2283.0,2187.0,2347.0,977.0,20.0,3300.0,2375.0,3340.0
162,38.6006,-3.4667,0.09104330708661418,1274.0,1128.0,1250.0,1847.0,1976.0,2145.0,2294.0,2217.0,2366.0,928.0,20.0,3332.0,2618.0,4560.0
163,38.6006,-3.4834,0.16522837297411072,1301.0,1114.0,1245.0,1983.0,2260.0,2722.0,2968.0,2768.0,3067.0,1211.0,18.0,3629.0,2737.0,2960.0
164,38.584,-3.2833,0.08608385370205174,1306.0,1304.0,1499.0,2049.0,2080.0,2301.0,2477.0,2435.0,2643.0,1021.0,18.0,3348.0,2649.0,2700.0
165,39.309,-3.2333,0.1011206328279499,1888.0,2118.0,2465.0,3409.0,3606.0,3880.0,4203.0,4176.0,4619.0,1579.0,23.0,5243.0,3571.0,3760.0
166,38.8173,-3.3333,0.14715025906735751,1329.0,1138.0,1150.0,1646.0,1702.0,1959.0,2197.0,2214.0,2432.0,1000.0,18.0,3288.0,2281.0,2760.0
167,38.8006,-3.4084,0.19969070172047168,1335.0,1207.0,1380.0,2070.0,2319.0,2875.0,3123.0,3103.0,3313.0,1216.0,21.0,3823.0,3026.0,2400.0
168,38.584,-4.9001,0.11221009549795362,1696.0,1731.0,1894.0,2603.0,2739.0,3026.0,3266.0,3261.0,3632.0,1256.0,20.0,4189.0,2973.0,2340.0
169,38.4006,-4.8834,0.17990975083382382,1518.0,1464.0,1593.0,2090.0,2369.0,2695.0,3011.0,3007.0,3431.0,1354.0,23.0,4397.0,2846.0,4420.0
170,38.3506,-4.9334,0.10635838150289018,1463.0,1423.0,1384.0,1546.0,1625.0,1841.0,1981.0,1914.0,2193.0,884.0,19.0,2687.0,1907.0,2000.0
171,38.4409,-4.807,0.15384615384615385,1683.0,1653.0,1836.0,2431.0,2758.0,3079.0,3475.0,3315.0,3761.0,1364.0,24.0,4451.0,3350.0,560.0
172,38.3979,-4.8168,0.14383673469387756,1725.0,1737.0,1926.0,2622.0,2909.0,3235.0,3549.0,3503.0,3993.0,1434.0,24.0,4921.0,3350.0,680.0
173,38.3451,-4.7376,0.19406041986687148,1390.0,1383.0,1434.0,1574.0,1734.0,2410.0,2831.0,2332.0,3203.0,1135.0,20.0,2796.0,1716.0,700.0
174,37.7784,-5.0987,0.1646586345381526,1605.0,1534.0,1615.0,2080.0,2255.0,2622.0,2939.0,2900.0,3390.0,1025.0,20.0,4130.0,2739.0,4780.0
175,37.8034,-5.0765,0.15948813982521848,1682.0,1798.0,2020.0,2693.0,2734.0,3293.0,3608.0,3715.0,4069.0,1182.0,21.0,3840.0,2510.0,1820.0
176,37.8173,-4.7834,0.15908263560247543,1674.0,1641.0,1770.0,2310.0,2625.0,2919.0,3258.0,3184.0,3619.0,1144.0,19.0,4254.0,2867.0,4080.0
177,37.3173,-4.3667,0.14115477372676977,2170.0,2364.0,2595.0,3027.0,3313.0,3864.0,4241.0,4022.0,4488.0,1457.0,19.0,4678.0,3542.0,1060.0
178,43.6008,-8.117,0.04225138435864371,6325.0,6013.0,5877.0,6313.0,6359.0,6882.0,7219.0,6870.0,7428.0,3093.0,39.0,5106.0,3432.0,920.0
179,43.5841,-7.9836,0.05751729159082636,5261.0,5372.0,5009.0,5178.0,5214.0,5660.0,5895.0,5810.0,6008.0,2354.0,73.0,4532.0,3429.0,2500.0
180,43.5675,-7.8336,0.02322378716744914,7835.0,7599.0,7259.0,7802.0,7905.0,8267.0,8602.0,8173.0,8832.0,3396.0,30.0,5331.0,3339.0,460.0
181,43.4841,-8.0503,0.0356272838002436,6478.0,6308.0,5964.0,6334.0,6442.0,6828.0,7118.0,6802.0,7250.0,2699.0,28.0,5148.0,3467.0,20.0
182,40.084,-2.7,0.18064930890388942,1706.0,1670.0,1889.0,2549.0,3007.0,3411.0,3753.0,3673.0,4154.0,1551.0,17.0,4227.0,3120.0,6380.0
183,40.034,-1.8999,0.19992105782514308,1440.0,1532.0,1573.0,2027.0,2198.0,2682.0,2954.0,3040.0,3398.0,1114.0,15.0,3647.0,2536.0,3300.0
184,39.9674,-1.9833,0.12190247801758593,1406.0,1259.0,1488.0,2197.0,2385.0,2730.0,2988.0,2807.0,3245.0,898.0,16.0,4294.0,3377.0,2380.0
185,39.5173,-2.7333,0.16578445903027736,1420.0,1324.0,1461.0,1970.0,2172.0,2446.0,2702.0,2753.0,3000.0,1492.0,22.0,3481.0,1895.0,500.0
186,41.8424,2.4281,0.17124463519313304,1220.0,1369.0,1491.0,1931.0,1951.0,2522.0,2861.0,2729.0,3072.0,908.0,11.0,3537.0,2639.0,2380.0
187,41.9285,2.7503,0.0505804311774461,1301.0,1172.0,1072.0,1145.0,1211.0,1321.0,1404.0,1267.0,1427.0,410.0,13.0,1446.0,1097.0,1040.0
188,41.7696,2.7156,0.16889185580774366,1402.0,1132.0,1058.0,1245.0,1297.0,1622.0,1799.0,1751.0,2023.0,471.0,12.0,2024.0,1380.0,4500.0
189,42.1507,2.7503,0.12984268607654378,1376.0,1308.0,1499.0,1853.0,1996.0,2287.0,2525.0,2406.0,2696.0,644.0,13.0,3284.0,2289.0,5980.0
190,37.7506,-2.45,0.09526184538653366,2416.0,2538.0,2930.0,3628.0,3906.0,4217.0,4482.0,4392.0,4700.0,1958.0,24.0,5163.0,4127.0,840.0
191,37.8173,-2.4333,0.12832072130091773,2004.0,1846.0,2025.0,2707.0,3003.0,3213.0,3529.0,3504.0,3905.0,1794.0,23.0,4292.0,3018.0,3820.0
192,37.4006,-3.3,0.18194801485289916,1475.0,1198.0,1231.0,1432.0,1571.0,1880.0,2017.0,2069.0,2261.0,1136.0,16.0,2891.0,2003.0,3320.0
193,37.4839,-2.7667,0.08662242403073699,2315.0,2220.0,2296.0,2615.0,2944.0,3159.0,3340.0,3111.0,3489.0,1304.0,17.0,3104.0,2498.0,4420.0
194,37.3673,-2.7667,0.18275958578225582,1242.0,1157.0,1208.0,1460.0,1642.0,1947.0,2111.0,2113.0,2296.0,1027.0,17.0,2935.0,2350.0,4360.0
195,37.4506,-2.5833,0.04409090909090909,1753.0,1419.0,1575.0,2103.0,2416.0,2480.0,2638.0,2297.0,2615.0,1068.0,17.0,2556.0,2063.0,4360.0
196,37.3172,-3.1833,0.08819936476911801,1708.0,1473.0,1608.0,1866.0,2308.0,2481.0,2610.0,2227.0,2531.0,960.0,14.0,2753.0,2501.0,300.0
197,37.3173,-3.0667,0.09715457574980774,1667.0,1471.0,1580.0,1761.0,1961.0,2124.0,2244.0,2140.0,2381.0,994.0,14.0,2564.0,2031.0,1680.0
198,37.2673,-3.1833,0.15594059405940594,1289.0,1182.0,1214.0,1364.0,1521.0,1763.0,1862.0,1868.0,2015.0,843.0,12.0,2314.0,1728.0,500.0
199,37.2506,-2.8833,0.08227311280746395,1455.0,1320.0,1415.0,1623.0,1717.0,1879.0,1985.0,1914.0,2054.0,947.0,15.0,2087.0,1584.0,640.0
200,37.2339,-3.1167,0.08424475317765297,1433.0,1297.0,1348.0,1549.0,1616.0,1784.0,1897.0,1834.0,1992.0,800.0,11.0,2132.0,1653.0,960.0
201,37.1839,-3.0167,0.08043758043758044,1422.0,1248.0,1269.0,1429.0,1533.0,1685.0,1788.0,1679.0,1874.0,827.0,13.0,2146.0,1684.0,640.0
202,37.0506,-4.0834,0.1876950512706197,1486.0,1454.0,1516.0,1822.0,2052.0,2456.0,2741.0,2664.0,3047.0,1233.0,20.0,3813.0,2655.0,5500.0
203,37.084,-3.9167,0.13054499366286437,1817.0,2046.0,2285.0,2744.0,3499.0,3909.0,4207.0,3568.0,4471.0,1439.0,19.0,4527.0,3512.0,2800.0
204,37.1506,-3.0667,0.12389109819516672,1351.0,1284.0,1321.0,1432.0,1505.0,1831.0,1984.0,1837.0,2055.0,898.0,13.0,1917.0,1377.0,2660.0
205,36.9506,-3.0833,0.06714801444043321,1512.0,1564.0,1880.0,2584.0,2830.0,3114.0,3264.0,2956.0,3379.0,821.0,14.0,3108.0,2514.0,1140.0
206,36.7806,-3.3653,0.1701880659391688,1441.0,1344.0,1474.0,1787.0,2028.0,2467.0,2691.0,2520.0,2852.0,643.0,10.0,2803.0,1906.0,1220.0
207,36.7609,-3.3686,0.1973642924380295,1784.0,1246.0,1217.0,1279.0,1413.0,1852.0,2159.0,1908.0,2297.0,598.0,9.0,2287.0,1477.0,1440.0
208,37.634,-2.575,0.07106252135292108,2025.0,2048.0,2351.0,2719.0,2843.0,3041.0,3229.0,3135.0,3369.0,1349.0,16.0,3347.0,2497.0,1740.0
209,37.6339,-2.55,0.13201002119868954,1857.0,1737.0,1920.0,2252.0,2565.0,2870.0,3021.0,2937.0,3222.0,1338.0,19.0,3630.0,2951.0,9860.0
210,37.6339,-2.55,0.13201002119868954,1857.0,1737.0,1920.0,2252.0,2565.0,2870.0,3021.0,2937.0,3222.0,1338.0,19.0,3630.0,2951.0,5900.0
211,37.6339,-2.5499,0.08528823422440444,1857.0,1971.0,2061.0,2515.0,2565.0,2870.0,3021.0,2984.0,3222.0,1338.0,19.0,3630.0,2951.0,5060.0
212,37.6423,-2.5847,0.062460567823343846,1946.0,2335.0,2560.0,2972.0,2929.0,3228.0,3564.0,3368.0,3692.0,1238.0,15.0,3222.0,2430.0,1080.0
213,37.1006,-3.7166,0.12456804344248806,1867.0,1947.0,2300.0,2660.0,2707.0,3172.0,3441.0,3417.0,3563.0,1193.0,15.0,3156.0,2384.0,1080.0
214,41.1007,-2.6833,0.1300768386388584,1348.0,1069.0,1087.0,1585.0,1723.0,1971.0,2145.0,2059.0,2233.0,1018.0,15.0,2416.0,2127.0,3560.0
215,40.8618,-3.2722,0.11190864600326264,1435.0,1302.0,1242.0,1361.0,1445.0,1614.0,1742.0,1704.0,1833.0,834.0,16.0,2781.0,2014.0,700.0
216,40.9507,-3.1,0.10975246048314942,1803.0,2300.0,2517.0,2985.0,2711.0,3158.0,3373.0,3721.0,3710.0,1206.0,17.0,4173.0,3095.0,2880.0
217,40.9674,-1.8666,0.19183503436784002,1355.0,1220.0,1435.0,1940.0,2331.0,2766.0,2958.0,2861.0,3408.0,1493.0,19.0,3366.0,2357.0,1920.0
218,40.8007,-2.6667,0.11832669322709163,1352.0,1223.0,1459.0,2213.0,2522.0,2684.0,2939.0,2807.0,3092.0,1199.0,20.0,4124.0,3363.0,2220.0
219,40.6007,-3.3167,0.14849961528597075,1554.0,1984.0,2320.0,3320.0,2900.0,3443.0,3621.0,4478.0,4245.0,1264.0,13.0,3513.0,2136.0,3320.0
220,40.6007,-3.3167,0.14849961528597075,1554.0,1984.0,2320.0,3320.0,2900.0,3443.0,3621.0,4478.0,4245.0,1264.0,13.0,3513.0,2136.0,3320.0
221,40.7757,-1.5833,0.09358288770053476,1562.0,1315.0,1398.0,1695.0,1862.0,2068.0,2182.0,2045.0,2228.0,933.0,19.0,2992.0,2304.0,3180.0
222,37.7164,-6.8935,0.1873015873015873,1250.0,1102.0,1057.0,1280.0,1356.0,1623.0,1844.0,1870.0,2119.0,476.0,11.0,2772.0,1606.0,800.0
223,37.2087,-7.1699,0.18322649572649571,1556.0,1350.0,1452.0,1529.0,1754.0,2212.0,2415.0,2215.0,2669.0,503.0,13.0,2792.0,2011.0,2860.0
224,37.2006,-6.9332,0.03331418724870764,1875.0,1566.0,1450.0,1683.0,1990.0,2001.0,2197.0,1799.0,2214.0,883.0,22.0,2614.0,2247.0,2600.0
225,42.2007,-0.2332,0.1626805588444234,1323.0,1263.0,1322.0,1768.0,1926.0,2229.0,2502.0,2455.0,2887.0,851.0,13.0,3878.0,2791.0,4820.0
226,38.037,-4.1042,0.12162723121627231,1681.0,1714.0,1808.0,2116.0,2264.0,2627.0,2944.0,2702.0,3204.0,1064.0,18.0,3322.0,2386.0,1180.0
227,38.0356,-4.0576,0.12745778394633356,1760.0,1756.0,1776.0,1886.0,1704.0,2164.0,2487.0,2437.0,2600.0,945.0,15.0,2267.0,1804.0,220.0
228,38.0006,-3.7667,0.18044861064613324,1709.0,1720.0,1888.0,2448.0,2659.0,3240.0,3689.0,3526.0,3948.0,1304.0,20.0,4200.0,3160.0,3100.0
229,37.9662,-3.9167,0.1842555618938962,1871.0,1778.0,1922.0,2145.0,2310.0,2792.0,3037.0,3114.0,3291.0,1075.0,17.0,3500.0,2527.0,3780.0
230,37.7506,-3.8167,0.19513122860403195,1710.0,1800.0,1854.0,2116.0,2205.0,2622.0,2966.0,3142.0,3375.0,1337.0,20.0,4262.0,2982.0,5160.0
231,37.6545,-3.0192,0.06093189964157706,1722.0,1697.0,1843.0,2227.0,2241.0,2355.0,2520.0,2516.0,2651.0,1032.0,17.0,3491.0,2841.0,3640.0
232,43.1508,-5.0835,0.02135948414830736,7072.0,7185.0,6830.0,7285.0,7327.0,7490.0,7735.0,7603.0,7856.0,3461.0,65.0,5585.0,4082.0,1000.0
233,43.1341,-5.0501,0.020862082961279324,6440.0,6148.0,5733.0,6031.0,6058.0,6320.0,6595.0,6288.0,6729.0,2737.0,32.0,3043.0,1598.0,160.0
234,43.1008,-5.0334,0.015498601345732214,6535.0,6462.0,6096.0,6511.0,6504.0,6784.0,7057.0,6716.0,7226.0,2523.0,25.0,3715.0,1967.0,1280.0
235,42.6008,-5.2835,0.03648068669527897,6281.0,5775.0,5512.0,5837.0,5953.0,6234.0,6544.0,6279.0,6797.0,3885.0,144.0,4698.0,3738.0,2560.0
236,42.3007,-5.6668,0.12077922077922078,1420.0,1294.0,1536.0,2031.0,2199.0,2488.0,2712.0,2589.0,2771.0,1121.0,19.0,3669.0,2912.0,120.0
237,43.1424,-5.0668,0.023413897280966767,6397.0,6240.0,6003.0,6465.0,6456.0,6740.0,6993.0,6775.0,7206.0,2934.0,42.0,4893.0,3705.0,880.0
238,42.8008,-5.6168,0.17249283667621776,1151.0,971.0,831.0,722.0,824.0,1179.0,1234.0,1023.0,1385.0,535.0,9.0,862.0,554.0,260.0
239,42.3841,-5.4335,0.19398496240601504,1381.0,1244.0,1423.0,1876.0,2230.0,2547.0,2906.0,2779.0,3232.0,1389.0,16.0,3625.0,2520.0,680.0
240,42.1174,-5.4335,0.14695077149155034,1409.0,1283.0,1579.0,2322.0,2527.0,3040.0,3311.0,3122.0,3340.0,1290.0,21.0,4144.0,3328.0,2400.0
241,42.6674,0.9669,0.08416351769151495,5434.0,4125.0,3728.0,3999.0,5671.0,5526.0,5748.0,4734.0,5232.0,2015.0,10.0,273.0,175.0,1400.0
242,41.9446,1.4664,0.13137557959814528,1221.0,848.0,511.0,281.0,286.0,372.0,412.0,366.0,356.0,270.0,8.0,109.0,63.0,1940.0
243,41.6052,1.2975,0.17558254020347883,1588.0,1325.0,1163.0,1256.0,1472.0,1690.0,1803.0,1791.0,1917.0,812.0,19.0,2407.0,1774.0,6640.0
244,41.5591,0.6002,0.1501240694789082,1639.0,1621.0,1789.0,2055.0,2002.0,2361.0,2693.0,2781.0,2883.0,696.0,15.0,3214.0,2297.0,2140.0
245,40.8629,-3.9505,0.05952572995644459,2826.0,3107.0,2818.0,2915.0,2507.0,2902.0,2903.0,3284.0,2755.0,1568.0,15.0,400.0,212.0,400.0
246,40.5507,-3.6667,0.058229552339279705,1353.0,1391.0,1331.0,1399.0,1589.0,1839.0,2004.0,1572.0,2063.0,710.0,12.0,2144.0,1564.0,1600.0
247,40.6174,-3.45,0.06663339156476167,1306.0,1163.0,1267.0,1870.0,1968.0,2129.0,2305.0,2137.0,2402.0,747.0,15.0,2897.0,2059.0,2100.0
248,40.5674,-3.3,0.09485407066052227,1402.0,1334.0,1543.0,2357.0,2575.0,2791.0,2980.0,2851.0,3235.0,931.0,19.0,3918.0,2986.0,3320.0
249,40.5174,-3.2667,0.1658327376697641,1576.0,1612.0,1802.0,2334.0,2543.0,2875.0,3233.0,3262.0,3460.0,1037.0,16.0,3637.0,2554.0,1140.0
250,40.4007,-4.0334,0.17765253614310217,1358.0,1250.0,1279.0,1678.0,1950.0,2194.0,2473.0,2403.0,2852.0,896.0,13.0,2608.0,1417.0,1800.0
251,40.5007,-3.5834,0.13382810629638497,1704.0,1522.0,1552.0,1809.0,1880.0,2244.0,2384.0,2368.0,2618.0,757.0,15.0,2875.0,2096.0,1100.0
252,40.384,-3.3,0.1810810810810811,1318.0,1356.0,1472.0,2121.0,2273.0,2776.0,3108.0,3059.0,3491.0,1063.0,17.0,3378.0,2218.0,2020.0
253,40.284,-4.2501,0.17902517902517903,1630.0,1355.0,1373.0,1777.0,1947.0,2316.0,2595.0,2552.0,2943.0,1057.0,21.0,3559.0,2317.0,2920.0
254,40.3174,-4.0667,0.11813643926788686,1509.0,1405.0,1487.0,1855.0,1998.0,2191.0,2435.0,2352.0,2648.0,851.0,17.0,3634.0,2387.0,2120.0
255,40.3007,-3.6334,0.09206039941548953,1798.0,1884.0,2107.0,2796.0,2487.0,2923.0,3055.0,3363.0,3479.0,1005.0,15.0,4091.0,2926.0,980.0
256,40.284,-3.3667,0.19679037111334002,1360.0,1255.0,1355.0,2002.0,2277.0,2582.0,2907.0,2983.0,3397.0,1092.0,15.0,2854.0,1710.0,1780.0
257,40.2507,-3.4,0.19041157847127996,1372.0,1208.0,1303.0,1790.0,1931.0,2322.0,2641.0,2632.0,2753.0,1010.0,19.0,3308.0,2534.0,3380.0
258,40.1007,-3.3,0.10286320254506894,2067.0,2448.0,2758.0,3384.0,3440.0,3795.0,4126.0,4160.0,4517.0,1212.0,17.0,4823.0,3092.0,5880.0
259,37.0839,-4.6168,0.13738588287686485,1434.0,1376.0,1465.0,1937.0,2117.0,2321.0,2626.0,2554.0,2962.0,737.0,14.0,2863.0,1760.0,2200.0
260,36.6887,-4.5695,0.12243878060969515,1516.0,1548.0,1540.0,1756.0,1837.0,2196.0,2338.0,2246.0,2477.0,1015.0,13.0,2752.0,2199.0,1300.0
261,38.084,-1.5666,0.16097952629466078,1732.0,1555.0,1633.0,2090.0,2318.0,2783.0,2958.0,2892.0,3195.0,884.0,19.0,3542.0,2614.0,3380.0
262,37.9673,-1.4166,0.08174740484429066,1904.0,1778.0,1821.0,2123.0,2210.0,2413.0,2552.0,2501.0,2709.0,717.0,18.0,3256.0,2490.0,1260.0
263,37.934,-1.3666,0.17731541152642238,1752.0,1663.0,1751.0,2234.0,2345.0,2880.0,3160.0,3197.0,3299.0,1014.0,12.0,3374.0,2560.0,1220.0
264,37.7673,-1.8166,0.0886151105833457,1820.0,2416.0,2522.0,3070.0,3000.0,3240.0,3491.0,3667.0,3791.0,1144.0,16.0,4532.0,3543.0,820.0
265,37.7173,-1.6999,0.13885180240320427,1998.0,1712.0,1712.0,1935.0,2658.0,2763.0,3143.0,2559.0,3283.0,992.0,16.0,3935.0,2975.0,2480.0
266,37.7006,-1.5333,0.06912196423805711,1771.0,1515.0,1514.0,1744.0,1764.0,1996.0,2140.0,2003.0,2204.0,789.0,14.0,2311.0,1850.0,1600.0
267,37.4839,-1.6249,0.15123809523809523,1637.0,1303.0,1097.0,1114.0,1177.0,1395.0,1539.0,1511.0,1652.0,559.0,6.0,1899.0,1251.0,1220.0
268,37.834,-0.9332,0.03686635944700461,2179.0,1932.0,1721.0,1881.0,1958.0,2213.0,2316.0,2025.0,2389.0,844.0,12.0,1584.0,937.0,1680.0
269,37.6673,-1.7999,0.0916030534351145,1436.0,1824.0,1885.0,2142.0,1976.0,2183.0,2345.0,2574.0,2516.0,877.0,12.0,2425.0,1905.0,1780.0
270,37.6006,-1.7666,0.08583391486392185,2037.0,1807.0,1800.0,1965.0,2157.0,2403.0,2578.0,2334.0,2622.0,808.0,17.0,2572.0,2048.0,1020.0
271,37.6403,-1.7699,0.17073170731707318,1466.0,1398.0,1375.0,1428.0,1557.0,1999.0,2123.0,2016.0,2241.0,643.0,16.0,2272.0,1582.0,1300.0
272,37.6506,-1.1832,0.09069212410501193,1621.0,1476.0,1483.0,1905.0,2024.0,2353.0,2466.0,2285.0,2607.0,749.0,11.0,2813.0,2282.0,1960.0
273,38.0006,-2.0666,0.15380811078140455,1372.0,1190.0,1251.0,1711.0,1973.0,2129.0,2348.0,2333.0,2720.0,1276.0,18.0,3492.0,2375.0,2500.0
274,42.3299,-1.4944,0.17454160789844853,1471.0,1490.0,1674.0,2341.0,2620.0,2914.0,3199.0,3331.0,3775.0,1193.0,14.0,4240.0,2699.0,1960.0
275,42.0674,-2.35,0.195134849286092,1323.0,1429.0,1475.0,1522.0,1643.0,2196.0,2426.0,2260.0,2594.0,1007.0,12.0,2187.0,1533.0,6300.0
276,42.4077,-2.0333,0.0874495483374976,1686.0,1636.0,1842.0,2374.0,2518.0,2697.0,2886.0,2829.0,3089.0,909.0,18.0,3797.0,3188.0,2580.0
277,42.2507,-1.4999,0.18586723768736615,1684.0,1487.0,1598.0,1901.0,2143.0,2469.0,2750.0,2769.0,3039.0,1065.0,15.0,3494.0,2304.0,4200.0
278,42.3874,-1.7958,0.13045496750232127,1675.0,1474.0,1584.0,1873.0,2060.0,2217.0,2508.0,2435.0,2620.0,825.0,15.0,3656.0,3150.0,1920.0
279,42.8674,-2.2,0.12301804264625478,2419.0,2121.0,2180.0,2406.0,2891.0,3133.0,3302.0,3081.0,3381.0,1797.0,23.0,3574.0,2895.0,1700.0
280,42.7841,-1.6333,0.06314839873703203,1916.0,1956.0,1907.0,2077.0,2124.0,2422.0,2552.0,2357.0,2611.0,1206.0,15.0,2433.0,2045.0,2420.0
281,42.2841,-7.8169,0.13553398058252428,1796.0,1188.0,1100.0,1113.0,1758.0,2028.0,2081.0,1462.0,2270.0,954.0,14.0,3308.0,3448.0,460.0
282,42.6341,-4.7668,0.18718017775383786,1213.0,1160.0,1179.0,1509.0,1635.0,1977.0,2279.0,2204.0,2589.0,1079.0,27.0,3287.0,2323.0,1240.0
283,42.1507,-4.7834,0.13993631640690465,1584.0,1556.0,2103.0,2566.0,2953.0,3404.0,3708.0,3401.0,3783.0,1326.0,20.0,4704.0,3674.0,2300.0
284,42.067,-4.7168,0.0927012438394743,1321.0,1326.0,1588.0,1933.0,2108.0,2290.0,2490.0,2328.0,2606.0,993.0,15.0,3177.0,2207.0,1780.0
285,41.1007,-5.2168,0.16815144766146994,1520.0,1324.0,1300.0,1494.0,1608.0,1797.0,1979.0,2098.0,2170.0,978.0,17.0,2851.0,2272.0,1700.0
286,40.934,-5.8835,0.10310965630114566,1377.0,1162.0,1241.0,1644.0,1827.0,1998.0,2154.0,2022.0,2358.0,855.0,17.0,3308.0,2690.0,1000.0
287,40.934,-5.3501,0.14799357945425362,1652.0,1878.0,2172.0,2654.0,2588.0,3124.0,3545.0,3576.0,3802.0,937.0,14.0,3830.0,2800.0,580.0
288,40.9007,-5.2668,0.14394366197183098,1894.0,1967.0,2295.0,3039.0,3272.0,3676.0,4066.0,4061.0,4441.0,1338.0,20.0,5318.0,4279.0,1980.0
289,40.684,-6.1835,0.1561832813269831,1469.0,1544.0,1794.0,2569.0,2697.0,3065.0,3418.0,3520.0,3813.0,1123.0,17.0,3874.0,2570.0,320.0
290,40.7007,-6.1168,0.17133706965572457,1414.0,1374.0,1503.0,2070.0,2350.0,2678.0,3001.0,2926.0,3371.0,990.0,16.0,3998.0,2684.0,1080.0
291,40.7674,-5.3668,0.11468005018820578,1552.0,1444.0,1448.0,1764.0,1910.0,2084.0,2323.0,2221.0,2544.0,834.0,17.0,3596.0,2652.0,140.0
292,40.6507,-6.1835,0.12225190055475653,1460.0,1415.0,1644.0,2136.0,2294.0,2580.0,2838.0,2731.0,3085.0,950.0,17.0,4005.0,3122.0,560.0
293,40.9007,-5.2168,0.09800362976406533,1419.0,1146.0,950.0,994.0,1025.0,1092.0,1201.0,1210.0,1321.0,698.0,22.0,2097.0,1481.0,1420.0
294,41.084,-5.5668,0.16515912897822446,1519.0,1577.0,1767.0,2492.0,2730.0,3048.0,3426.0,3478.0,3908.0,1179.0,16.0,4221.0,2635.0,1980.0
295,41.084,-5.2335,0.19168831168831169,1529.0,1409.0,1336.0,1556.0,1522.0,1899.0,2058.0,2294.0,2199.0,990.0,21.0,2781.0,2217.0,900.0
296,41.1507,-5.5168,0.11923631123919308,1405.0,1369.0,1650.0,2445.0,2453.0,2926.0,3095.0,3107.0,3307.0,977.0,19.0,3853.0,2803.0,1540.0
297,41.3841,-4.3001,0.1494941925814912,1495.0,1278.0,1078.0,1135.0,1059.0,1174.0,1273.0,1534.0,1444.0,709.0,14.0,1995.0,1515.0,160.0
298,37.4173,-5.9168,0.1746274359954146,1450.0,1098.0,946.0,1080.0,1268.0,1430.0,1609.0,1537.0,1809.0,889.0,12.0,3010.0,2379.0,520.0
299,37.4839,-5.4835,0.14909726266744322,1480.0,1235.0,1274.0,1461.0,1594.0,1898.0,2064.0,1973.0,2039.0,959.0,12.0,3059.0,2371.0,3100.0
300,37.4839,-5.3668,0.11784720074234457,1446.0,1274.0,1185.0,1426.0,1489.0,1663.0,1792.0,1807.0,1913.0,897.0,12.0,2679.0,2350.0,1140.0
301,37.3506,-5.3668,0.1263318112633181,1531.0,1311.0,1230.0,1435.0,1562.0,1755.0,1890.0,1850.0,2064.0,956.0,20.0,2808.0,2415.0,2840.0
302,41.7007,-2.5333,0.1569989579715179,1210.0,1170.0,1403.0,2427.0,2644.0,3163.0,3337.0,3331.0,3596.0,1298.0,17.0,4146.0,3153.0,900.0
303,40.7785,0.6849,0.09086407526615499,1846.0,1685.0,1585.0,1836.0,1908.0,2076.0,2290.0,2203.0,2453.0,585.0,14.0,2790.0,1965.0,3460.0
304,40.7174,0.8335,0.14007447722715555,1755.0,1503.0,1422.0,1501.0,1633.0,1917.0,2136.0,1990.0,2322.0,531.0,13.0,2190.0,1355.0,1700.0
305,41.3904,1.1847,0.10157858613589568,1823.0,1790.0,1914.0,2618.0,2827.0,3140.0,3409.0,3210.0,3704.0,860.0,16.0,4253.0,3601.0,3960.0
306,40.8015,-0.7765,0.11326967402041488,1559.0,2109.0,2262.0,2693.0,2286.0,2656.0,2729.0,3381.0,3014.0,733.0,17.0,3016.0,2167.0,940.0
307,40.0674,-3.85,0.174507740868781,1558.0,1590.0,1830.0,2746.0,3072.0,3452.0,3912.0,3907.0,4457.0,1149.0,14.0,3633.0,1973.0,2100.0
308,40.034,-3.8334,0.06446219580159762,1824.0,1939.0,2097.0,2518.0,2624.0,2929.0,3139.0,2865.0,3227.0,898.0,18.0,3681.0,2802.0,2720.0
309,40.0507,-3.8,0.07146845337800112,1490.0,1376.0,1426.0,1663.0,1700.0,1781.0,1950.0,1919.0,2070.0,608.0,15.0,3212.0,2586.0,2400.0
310,40.0174,-3.8,0.15827166388159467,1579.0,1562.0,1580.0,1763.0,1861.0,2185.0,2424.0,2426.0,2702.0,749.0,14.0,3075.0,2070.0,4460.0
311,39.9001,-4.0835,0.13315789473684211,1365.0,1230.0,1264.0,1647.0,1770.0,1952.0,2155.0,2153.0,2434.0,801.0,13.0,2979.0,1798.0,3600.0
312,39.884,-4.0167,0.11650008192692118,1623.0,1692.0,1972.0,2696.0,2869.0,3129.0,3459.0,3407.0,3788.0,1134.0,16.0,4360.0,2766.0,1900.0
313,39.984,-3.5667,0.1382451654147355,1538.0,1767.0,1986.0,2696.0,2607.0,2973.0,3341.0,3561.0,3729.0,1131.0,15.0,4038.0,2575.0,260.0
314,39.8507,-3.6334,0.08902496467263307,1753.0,1783.0,2108.0,2901.0,3032.0,3275.0,3569.0,3468.0,3813.0,1167.0,18.0,4609.0,3316.0,300.0
315,39.9507,-3.4667,0.08601070950468541,1612.0,1732.0,2029.0,2731.0,2844.0,3054.0,3282.0,3245.0,3552.0,1082.0,21.0,4337.0,3515.0,2900.0
316,39.934,-3.3167,0.19765166340508805,1438.0,1453.0,1580.0,2255.0,2538.0,2841.0,3254.0,3366.0,3903.0,1267.0,18.0,3141.0,1704.0,1760.0
317,39.884,-3.4834,0.11722578213343385,1857.0,1772.0,1922.0,2342.0,2336.0,2502.0,2742.0,2964.0,2914.0,901.0,20.0,3392.0,2762.0,2720.0
318,39.8173,-3.55,0.06543544021652603,1794.0,1757.0,2088.0,2935.0,2997.0,3218.0,3457.0,3346.0,3649.0,1057.0,20.0,4643.0,3465.0,580.0
319,39.7673,-3.7167,0.15805753170429943,1268.0,1114.0,1157.0,1361.0,1478.0,1747.0,1917.0,1872.0,2127.0,708.0,15.0,2970.0,2082.0,980.0
320,39.7007,-3.7334,0.12700670595407437,1445.0,1440.0,1634.0,2148.0,2295.0,2622.0,2840.0,2773.0,2908.0,980.0,14.0,3044.0,2247.0,2080.0
321,39.784,-3.3667,0.14881170018281537,1743.0,1747.0,1866.0,2328.0,2266.0,2745.0,3118.0,3142.0,3392.0,1215.0,18.0,4002.0,2814.0,720.0
322,39.734,-3.25,0.17596859532343403,1589.0,1485.0,1741.0,2414.0,2710.0,3245.0,3560.0,3445.0,3843.0,1294.0,22.0,4172.0,3287.0,1460.0
323,39.6673,-3.4167,0.11338697878566203,2174.0,2038.0,2460.0,3636.0,3774.0,4282.0,4608.0,4566.0,4762.0,1646.0,22.0,4579.0,3603.0,4140.0
324,39.784,-3.1167,0.16340656033704484,1715.0,1810.0,2181.0,2780.0,3038.0,3626.0,3903.0,3866.0,4233.0,1355.0,20.0,4629.0,3586.0,3700.0
325,39.6507,-3.4167,0.12634612467768846,1887.0,1708.0,2032.0,2880.0,3217.0,3650.0,3968.0,3713.0,4253.0,1530.0,22.0,4600.0,3632.0,4720.0
326,39.3201,-3.7667,0.08897651294359678,1506.0,1617.0,1899.0,2657.0,2477.0,2689.0,2964.0,3176.0,3084.0,1541.0,18.0,3375.0,2419.0,560.0
327,39.684,-3.6834,0.1403779406093328,1313.0,1267.0,1467.0,2229.0,2479.0,2944.0,3202.0,2957.0,3238.0,931.0,15.0,3435.0,2519.0,2100.0
328,39.684,-3.7167,0.15235342691990092,1265.0,1181.0,1354.0,2053.0,2271.0,2753.0,3000.0,2791.0,3058.0,951.0,15.0,3088.0,2260.0,3900.0
329,39.7507,-3.2167,0.08761096101891162,1432.0,1269.0,1458.0,2364.0,2541.0,2783.0,2979.0,2818.0,3112.0,1111.0,21.0,3902.0,3011.0,780.0
330,39.8507,-3.3667,0.10601398601398601,1955.0,2326.0,2512.0,3196.0,3385.0,3773.0,4038.0,3954.0,4324.0,1223.0,20.0,5018.0,3922.0,2140.0
331,39.634,-3.4334,0.14066004485741748,1917.0,1693.0,2008.0,2682.0,3210.0,3577.0,3872.0,3560.0,4115.0,1505.0,24.0,4275.0,3021.0,2440.0
332,39.7507,-4.9501,0.1534691771988651,1441.0,1168.0,1222.0,1641.0,1792.0,2134.0,2424.0,2236.0,2549.0,1036.0,15.0,3213.0,2239.0,440.0
333,39.734,-1.2499,0.17670286278381048,1292.0,1140.0,1225.0,1668.0,1867.0,2113.0,2384.0,2384.0,2723.0,1102.0,16.0,3274.0,2300.0,5340.0
334,39.734,-1.0832,0.12421383647798742,1243.0,974.0,699.0,557.0,558.0,747.0,764.0,715.0,786.0,226.0,9.0,708.0,488.0,7500.0
335,39.6007,-1.1999,0.15217740639562913,1476.0,1402.0,1743.0,2638.0,2911.0,3405.0,3725.0,3585.0,3995.0,1533.0,19.0,4446.0,3485.0,2540.0
336,39.534,-1.2166,0.17352086836875097,1314.0,1347.0,1689.0,2703.0,2908.0,3548.0,3883.0,3838.0,4041.0,1421.0,21.0,4272.0,3398.0,1000.0
337,39.6334,-0.3165,0.1038961038961039,1632.0,1639.0,1788.0,2346.0,2447.0,2812.0,3099.0,2890.0,3265.0,723.0,18.0,3717.0,3185.0,2200.0
338,39.4007,-1.0999,0.09856220045842884,1619.0,1440.0,1644.0,2163.0,2292.0,2582.0,2757.0,2636.0,2953.0,1023.0,19.0,4025.0,3144.0,2320.0
339,39.384,-0.5999,0.15503875968992248,1600.0,1514.0,1603.0,2180.0,2188.0,2799.0,3090.0,2980.0,3220.0,793.0,19.0,3325.0,2582.0,3580.0
340,39.484,-0.6332,0.02937365010799136,1876.0,1911.0,1959.0,2247.0,2238.0,2473.0,2651.0,2383.0,2816.0,683.0,18.0,3467.0,2797.0,3820.0
341,39.484,-0.5332,0.19761101012723967,1512.0,1308.0,1312.0,1545.0,1739.0,2143.0,2413.0,2306.0,2657.0,644.0,19.0,3066.0,2305.0,3120.0
342,39.2673,-0.5499,0.14066878385951803,1648.0,1708.0,1819.0,2300.0,2508.0,2894.0,3281.0,3053.0,3527.0,933.0,17.0,3805.0,2942.0,3760.0
343,39.184,-0.3165,0.07061503416856492,1852.0,1564.0,1567.0,1836.0,1861.0,2279.0,2628.0,2115.0,2532.0,665.0,14.0,2603.0,2055.0,3160.0
344,38.7673,-0.5999,0.1601577909270217,1717.0,1694.0,1796.0,2129.0,2399.0,2867.0,3097.0,2941.0,3347.0,1074.0,20.0,3941.0,3209.0,4300.0
345,38.834,-0.8166,0.15304461087593618,2206.0,1933.0,2168.0,2601.0,2994.0,3374.0,3711.0,3541.0,4008.0,1384.0,22.0,4890.0,3793.0,1980.0
346,42.1841,-5.1501,0.1647846889952153,1566.0,1335.0,1597.0,2182.0,2401.0,2609.0,2841.0,3043.0,3127.0,1563.0,18.0,3804.0,2971.0,6420.0
347,42.1674,-5.2501,0.18432883750802825,1172.0,1136.0,1303.0,1905.0,2175.0,2472.0,2801.0,2766.0,3127.0,1155.0,14.0,2926.0,1761.0,4320.0
348,41.5174,-4.9668,0.16996416887365634,1456.0,1496.0,1780.0,2664.0,3078.0,3481.0,3910.0,3755.0,4310.0,1231.0,15.0,3814.0,2216.0,8000.0
349,41.5674,-4.2001,0.17874069058903183,1689.0,1832.0,1937.0,2426.0,2573.0,3130.0,3436.0,3482.0,3854.0,990.0,13.0,3492.0,2469.0,7980.0
350,41.3674,-5.0334,0.13401015228426397,1531.0,1324.0,1314.0,1706.0,1877.0,2027.0,2207.0,2234.0,2432.0,1087.0,23.0,3037.0,2200.0,2060.0
351,41.3674,-4.5334,0.10901591043017089,1510.0,1488.0,1363.0,1512.0,1438.0,1642.0,1704.0,1882.0,1830.0,794.0,13.0,2457.0,1953.0,6140.0
352,41.3007,-4.9334,0.1014957264957265,1680.0,1485.0,1416.0,1682.0,1848.0,2014.0,2130.0,2062.0,2347.0,1058.0,16.0,3279.0,2783.0,420.0
353,41.2007,-4.8001,0.11269614835948645,1618.0,1563.0,1540.0,1866.0,1864.0,2055.0,2242.0,2340.0,2393.0,1021.0,16.0,3130.0,2614.0,260.0
354,41.4674,-4.8668,0.11063556601754762,1375.0,1337.0,1549.0,2078.0,2412.0,2630.0,2838.0,2595.0,3026.0,794.0,17.0,3875.0,3007.0,480.0
355,41.3173,-5.2166,0.1355081555834379,1637.0,1415.0,1319.0,1378.0,1310.0,1650.0,1804.0,1810.0,1852.0,943.0,18.0,1847.0,1395.0,1860.0
356,41.4174,-4.9168,0.11221779548472775,1470.0,1193.0,1088.0,1337.0,1422.0,1536.0,1679.0,1675.0,1826.0,839.0,15.0,2844.0,2346.0,640.0
357,41.2007,-4.9501,0.16366065464261856,1733.0,1582.0,1597.0,1878.0,2186.0,2561.0,2746.0,2613.0,2943.0,1302.0,19.0,3527.0,2629.0,220.0
358,41.2674,-5.0501,0.11201962387571546,1627.0,1467.0,1362.0,1629.0,1724.0,1882.0,2049.0,2040.0,2184.0,1003.0,15.0,3123.0,2566.0,860.0
359,41.284,-4.6857,0.06713928273561301,1529.0,1452.0,1489.0,2237.0,2033.0,2261.0,2397.0,2559.0,2526.0,795.0,14.0,2535.0,2135.0,280.0
360,41.5507,-5.7668,0.1544806899137608,1475.0,1557.0,1707.0,2255.0,2401.0,2679.0,2980.0,3079.0,3376.0,1224.0,15.0,3162.0,2019.0,1640.0
361,41.5674,-5.3335,0.11695631751996242,1528.0,1348.0,1503.0,1880.0,2015.0,2247.0,2460.0,2378.0,2652.0,950.0,16.0,3303.0,2351.0,960.0
362,41.3174,-5.4668,0.1755083996463307,1350.0,1243.0,1348.0,1865.0,2114.0,2353.0,2680.0,2659.0,3045.0,999.0,17.0,2892.0,1700.0,1680.0
363,41.234,-5.3835,0.15963145489607886,1516.0,1333.0,1419.0,1961.0,2280.0,2525.0,2878.0,2706.0,3234.0,1013.0,15.0,3021.0,1797.0,1200.0
364,41.3674,-5.4168,0.17647058823529413,1373.0,1441.0,1711.0,2177.0,2120.0,2814.0,3128.0,3110.0,3394.0,943.0,14.0,3607.0,2426.0,780.0
365,41.9507,-1.7333,0.17465156794425088,1387.0,1353.0,1577.0,1895.0,2020.0,2603.0,2890.0,2697.0,3035.0,973.0,12.0,3017.0,2183.0,840.0
366,41.9007,-1.6833,0.15383324945478946,1568.0,1729.0,2077.0,2522.0,2767.0,3295.0,3498.0,3439.0,3730.0,1067.0,15.0,3846.0,2960.0,3140.0
367,41.8716,-1.6999,0.1048532055122828,1494.0,1458.0,1679.0,2241.0,2325.0,2559.0,2767.0,2766.0,2996.0,1020.0,15.0,3753.0,3039.0,1860.0
368,40.784,-3.8667,0.08377460964019008,1744.0,2580.0,2779.0,3374.0,2969.0,2997.0,3347.0,3991.0,3542.0,1627.0,45.0,4859.0,4023.0,4.0
369,40.734,-3.8653,0.14138691497182063,1538.0,1379.0,1367.0,1752.0,1680.0,2161.0,2349.0,2329.0,2422.0,1227.0,13.0,2345.0,1899.0,6.0
370,36.7506,-5.3668,0.08656716417910448,1362.0,1016.0,727.0,612.0,995.0,1084.0,1206.0,728.0,1425.0,576.0,11.0,1891.0,1191.0,10.0
371,41.3332,1.999,0.10615384615384615,1572.0,1489.0,1419.0,1743.0,1821.0,2270.0,2502.0,2157.0,2545.0,538.0,10.0,2794.0,2278.0,59.0
372,41.3174,0.1668,0.19655172413793104,1384.0,1431.0,1492.0,1631.0,1612.0,2117.0,2274.0,2429.0,2447.0,971.0,15.0,2301.0,1615.0,84.0
373,41.3508,0.0172,0.18339100346020762,1643.0,1544.0,1625.0,1888.0,1976.0,2223.0,2517.0,2736.0,2795.0,1356.0,22.0,3542.0,2719.0,25.0
374,41.3509,0.0168,0.12575075075075076,1761.0,1669.0,1816.0,2329.0,2584.0,2783.0,3015.0,2999.0,3112.0,1481.0,24.0,4074.0,3343.0,33.0
375,41.3188,2.0015,0.19627951347483902,1600.0,1551.0,1541.0,1685.0,1856.0,2367.0,2619.0,2508.0,2825.0,542.0,12.0,2808.0,2368.0,10.0
376,41.3174,2.0003,0.17458650564452613,1582.0,1455.0,1458.0,1572.0,1691.0,2216.0,2524.0,2237.0,2622.0,549.0,13.0,2512.0,1922.0,16.0
377,41.3198,1.9982,0.182548794489093,1456.0,1261.0,1199.0,1424.0,1368.0,1815.0,2010.0,2060.0,2184.0,532.0,10.0,1967.0,1595.0,10.0
378,41.3175,1.9982,0.19199706314243759,1536.0,1527.0,1628.0,2201.0,1998.0,2507.0,2841.0,3247.0,3037.0,570.0,10.0,3175.0,2672.0,18.0
379,41.3174,2.0003,0.17458650564452613,1582.0,1455.0,1458.0,1572.0,1691.0,2216.0,2524.0,2237.0,2622.0,549.0,13.0,2512.0,1922.0,28.0
380,41.3174,2.0003,0.17458650564452613,1582.0,1455.0,1458.0,1572.0,1691.0,2216.0,2524.0,2237.0,2622.0,549.0,13.0,2512.0,1922.0,10.0
381,41.3507,0.0166,0.15696087352138308,1761.0,1468.0,1564.0,1853.0,2342.0,2581.0,2723.0,2543.0,2829.0,1481.0,24.0,3869.0,3094.0,34.0
382,41.3341,0.0168,0.10267042627301377,1805.0,1716.0,1983.0,2705.0,2858.0,3038.0,3246.0,3324.0,3399.0,1660.0,24.0,4258.0,3634.0,13.0
383,41.3341,0.0153,0.1547415268743581,1746.0,1601.0,1836.0,2469.0,2863.0,3267.0,3508.0,3373.0,3680.0,1706.0,22.0,4312.0,3595.0,43.0
384,41.334,0.0167,0.09972433922490676,1805.0,1743.0,2031.0,2776.0,2932.0,3191.0,3370.0,3391.0,3569.0,1660.0,24.0,4362.0,3744.0,54.0
385,41.3337,0.0166,0.09617718446601942,1792.0,1814.0,2165.0,2979.0,3166.0,3390.0,3599.0,3613.0,3744.0,1628.0,22.0,4510.0,3776.0,28.0
386,41.3341,0.0162,0.145436955820703,1807.0,1750.0,2023.0,2650.0,3038.0,3279.0,3478.0,3552.0,3707.0,1778.0,23.0,4429.0,3639.0,47.0
387,41.3507,0.0167,0.15696087352138308,1761.0,1468.0,1564.0,1853.0,2342.0,2581.0,2723.0,2543.0,2829.0,1481.0,24.0,3869.0,3094.0,36.0
388,41.351,0.0169,0.12575075075075076,1761.0,1669.0,1816.0,2329.0,2584.0,2783.0,3015.0,2999.0,3112.0,1481.0,24.0,4074.0,3343.0,16.0
389,41.3348,1.9992,0.14623655913978495,1594.0,1419.0,1371.0,1588.0,1493.0,2097.0,2365.0,2132.0,2439.0,511.0,12.0,2497.0,2015.0,32.0
390,41.334,0.0169,0.098508498092265,1805.0,1650.0,1870.0,2599.0,2748.0,2917.0,3137.0,3167.0,3330.0,1660.0,24.0,4232.0,3584.0,14.0
391,41.3371,1.9985,0.15170454545454545,1560.0,1421.0,1418.0,1493.0,1549.0,1977.0,2260.0,2027.0,2573.0,490.0,10.0,2410.0,1682.0,25.0
392,41.3341,1.9992,0.1383026493039964,1581.0,1384.0,1373.0,1919.0,1938.0,2334.0,2692.0,2535.0,2835.0,508.0,12.0,3117.0,2446.0,34.0
393,41.333,1.9994,0.10353482535034511,1572.0,1497.0,1574.0,2143.0,2060.0,2423.0,2628.0,2638.0,2839.0,538.0,10.0,2971.0,2560.0,25.0
394,38.834,-3.6667,0.12001752080595707,1454.0,1408.0,1501.0,2009.0,2274.0,2467.0,2744.0,2557.0,3005.0,1100.0,18.0,3084.0,2085.0,19.0
395,37.6506,-2.2333,0.15832205683355885,1420.0,1509.0,1616.0,1866.0,1955.0,2238.0,2408.0,2568.0,2682.0,1238.0,20.0,3224.0,2363.0,18.0
396,37.5506,-2.3833,0.14569709652105675,1416.0,1313.0,1479.0,1633.0,1934.0,2275.0,2413.0,2190.0,2483.0,1022.0,14.0,2143.0,1693.0,4.0
397,37.6006,-2.4498,0.1463827728042584,1432.0,1390.0,1453.0,1764.0,2015.0,2153.0,2361.0,2369.0,2680.0,1153.0,19.0,3564.0,2661.0,18.0
398,37.6006,-2.4506,0.17818330941152347,1520.0,1544.0,1686.0,2004.0,2184.0,2542.0,2827.0,2873.0,3051.0,1260.0,17.0,3468.0,2510.0,27.0
399,37.5999,-2.45,0.1722174779390834,1389.0,1228.0,1249.0,1454.0,1615.0,1835.0,1993.0,2059.0,2237.0,1059.0,16.0,2955.0,2178.0,28.0
400,37.0506,-1.8666,0.11875180583646346,1564.0,1367.0,1405.0,1525.0,1833.0,1971.0,2098.0,1936.0,2221.0,642.0,12.0,2285.0,1672.0,4.0
401,37.1673,-1.8999,0.09093959731543624,1984.0,1978.0,2227.0,2709.0,2814.0,3162.0,3461.0,3251.0,3627.0,1079.0,22.0,4337.0,3357.0,7.0
402,37.0506,-1.8999,0.18462507876496534,1422.0,1291.0,1216.0,1294.0,1503.0,1815.0,1980.0,1880.0,2153.0,724.0,14.0,2140.0,1414.0,2.0
403,36.8173,-2.05,0.05632869449966865,1718.0,1716.0,1753.0,2136.0,2106.0,2246.0,2401.0,2391.0,2478.0,683.0,14.0,2722.0,2153.0,14.0
404,36.8173,-2.1,0.1399166870864984,1688.0,1594.0,1600.0,1755.0,1872.0,2130.0,2337.0,2326.0,2527.0,863.0,18.0,3140.0,2160.0,9.0
405,36.7839,-2.1166,0.0800211976682565,1596.0,1444.0,1410.0,1736.0,1844.0,2011.0,2137.0,2038.0,2264.0,745.0,17.0,3088.0,2362.0,30.0
406,37.3665,-2.1189,0.012088094055307171,1841.0,2211.0,2473.0,2983.0,2680.0,2810.0,2908.0,3056.0,2994.0,903.0,16.0,3496.0,3169.0,15.0
407,37.4673,-2.0666,0.036338636810056966,1631.0,1774.0,1978.0,2453.0,2493.0,2783.0,2818.0,2638.0,2871.0,978.0,13.0,3049.0,2564.0,4.0
408,37.0506,-2.3666,0.04827927704877445,1573.0,1582.0,1656.0,1922.0,2048.0,2267.0,2373.0,2117.0,2376.0,776.0,13.0,2829.0,2202.0,5.0
409,37.4673,-1.8666,0.047203160740278645,1722.0,1710.0,1877.0,2291.0,2374.0,2492.0,2698.0,2518.0,2739.0,865.0,13.0,3107.0,2604.0,20.0
410,37.3673,-2.1166,0.07600459242250288,1669.0,1551.0,1624.0,2012.0,2115.0,2267.0,2445.0,2343.0,2599.0,856.0,11.0,3108.0,2306.0,9.0
411,37.7003,-2.45,0.12418725617685306,1643.0,1697.0,2022.0,2694.0,2947.0,3228.0,3529.0,3458.0,3795.0,1514.0,19.0,4375.0,3397.0,27.0
412,37.7006,-2.45,0.12407801999672186,1643.0,1711.0,1992.0,2672.0,2967.0,3264.0,3557.0,3429.0,3791.0,1514.0,19.0,4368.0,3387.0,35.0
413,37.7007,-2.4553,0.11237334970832054,1729.0,1768.0,2152.0,2891.0,3404.0,3588.0,3949.0,3623.0,4235.0,1775.0,19.0,4531.0,3235.0,35.0
414,37.3009,-3.1333,0.049486887115165336,1605.0,1637.0,1743.0,2084.0,2124.0,2333.0,2422.0,2301.0,2513.0,1003.0,15.0,2834.0,2371.0,12.0
415,37.2839,-2.8333,0.18576558929154424,1112.0,1113.0,1095.0,1247.0,1287.0,1681.0,1804.0,1816.0,1966.0,932.0,15.0,1912.0,1334.0,19.0
416,37.3173,-2.9833,0.16704232406711744,1364.0,1289.0,1360.0,1663.0,1771.0,2053.0,2270.0,2330.0,2445.0,1193.0,20.0,2882.0,2096.0,9.0
417,37.3339,-2.95,0.18060473985290112,1441.0,1363.0,1379.0,1504.0,1715.0,1957.0,2087.0,2167.0,2387.0,1095.0,15.0,2491.0,1916.0,8.0
418,37.2673,-2.9667,0.12951062778052397,1576.0,1486.0,1548.0,1761.0,1950.0,2200.0,2368.0,2285.0,2493.0,1113.0,16.0,2854.0,2144.0,4.0
419,37.3173,-3.0833,0.09779179810725552,1720.0,1623.0,1928.0,2431.0,2763.0,3104.0,3308.0,2958.0,3363.0,1286.0,16.0,3362.0,2681.0,42.0
420,37.2504,-2.8834,0.09170052234474753,1428.0,1310.0,1356.0,1565.0,1673.0,1821.0,1916.0,1881.0,1976.0,923.0,15.0,2027.0,1536.0,6.0
421,37.1673,-2.9992,0.10481770833333333,1403.0,1275.0,1295.0,1375.0,1497.0,1701.0,1768.0,1697.0,1836.0,762.0,12.0,1674.0,1313.0,4.0
422,37.3006,-3.15,0.10375494071146245,1417.0,1436.0,1589.0,1814.0,1875.0,2122.0,2291.0,2234.0,2420.0,921.0,12.0,2354.0,1848.0,6.0
423,37.3173,-3.1831,0.03419293218720153,1708.0,1967.0,2188.0,2528.0,2195.0,2266.0,2368.0,2707.0,2537.0,960.0,14.0,2634.0,2169.0,9.0
424,37.2173,-2.8667,0.08629111038749593,1442.0,1275.0,1325.0,1403.0,1504.0,1632.0,1772.0,1668.0,1810.0,817.0,15.0,1838.0,1376.0,17.0
425,37.3006,-3.1333,0.06758866830247602,1578.0,1616.0,1763.0,2090.0,1958.0,2143.0,2203.0,2393.0,2228.0,1002.0,14.0,2765.0,2476.0,3.0
426,37.3339,-2.5833,0.13864142538975502,1719.0,1385.0,1394.0,1547.0,2009.0,2286.0,2438.0,2045.0,2552.0,980.0,15.0,2715.0,2080.0,18.0
427,37.483,-2.7649,0.16863543788187374,1639.0,1645.0,1735.0,2041.0,2291.0,2651.0,2913.0,2869.0,3156.0,1279.0,17.0,3415.0,2739.0,9.0
428,37.4673,-2.7667,0.1562164098889287,1664.0,1736.0,1901.0,2355.0,2582.0,3063.0,3270.0,3227.0,3405.0,1346.0,15.0,3325.0,2522.0,21.0
429,37.3673,-2.5833,0.06257982120051085,1563.0,1534.0,1594.0,1835.0,1942.0,2039.0,2202.0,2080.0,2281.0,815.0,13.0,2482.0,1991.0,18.0
430,37.4499,-2.5833,0.053691275167785234,1486.0,1348.0,1511.0,1974.0,2182.0,2293.0,2410.0,2198.0,2450.0,979.0,16.0,2571.0,2133.0,22.0
431,37.4576,-2.75,0.11054231322988321,1801.0,2109.0,2337.0,2780.0,2716.0,3135.0,3377.0,3471.0,3531.0,1336.0,17.0,3182.0,2351.0,4.0
432,37.4666,-2.7644,0.1518634622082898,1588.0,1918.0,2094.0,2435.0,2465.0,3093.0,3347.0,3307.0,3480.0,1267.0,15.0,3237.0,2461.0,18.0
433,37.4673,-2.7667,0.1562164098889287,1664.0,1736.0,1901.0,2355.0,2582.0,3063.0,3270.0,3227.0,3405.0,1346.0,15.0,3325.0,2522.0,27.0
434,37.4673,-2.7499,0.15096001409194998,1627.0,1840.0,2133.0,2410.0,2472.0,3088.0,3484.0,3267.0,3538.0,1288.0,15.0,2893.0,2318.0,15.0
435,40.4507,-6.4669,0.12433862433862433,1297.0,1071.0,1043.0,1324.0,1405.0,1581.0,1731.0,1700.0,1790.0,783.0,11.0,2181.0,1796.0,4.0
436,42.5174,-2.6166,0.10430669653970624,1448.0,1714.0,1654.0,1799.0,1757.0,2021.0,2294.0,2218.0,2358.0,1124.0,18.0,2554.0,2027.0,25.0
437,40.1673,-3.4334,0.14855128008585006,1866.0,2222.0,2329.0,2777.0,3039.0,3519.0,3690.0,3746.0,4138.0,1025.0,20.0,4361.0,2958.0,39.0
438,40.1674,-3.4294,0.18283261802575107,1986.0,1681.0,1708.0,1904.0,2431.0,2624.0,2974.0,2756.0,3345.0,1174.0,19.0,3674.0,2391.0,32.0
439,37.5506,-2.9,0.19687150837988826,1499.0,1431.0,1482.0,1797.0,1955.0,2391.0,2627.0,2678.0,2777.0,1123.0,16.0,3132.0,2357.0,3.0
440,39.884,-4.8834,0.16059200353434946,1332.0,1411.0,1526.0,1900.0,2192.0,2468.0,2836.0,2627.0,3071.0,993.0,15.0,3399.0,2420.0,11.0
441,39.634,-4.9334,0.1765428308259134,1175.0,1159.0,1120.0,1341.0,1492.0,1813.0,1989.0,1916.0,2118.0,881.0,12.0,2569.0,1853.0,6.0
442,39.5673,-4.8001,0.12810457516339868,1267.0,1240.0,1208.0,1334.0,1338.0,1615.0,1721.0,1726.0,1839.0,910.0,13.0,2367.0,1662.0,3.0
443,39.834,-3.3333,0.13576953854361162,1830.0,1944.0,2345.0,3240.0,3419.0,3968.0,4217.0,4258.0,4603.0,1383.0,21.0,5053.0,3930.0,52.0
444,42.7016,-0.1831,0.1744765702891326,2596.0,1726.0,1949.0,2070.0,2810.0,3159.0,3444.0,2945.0,3635.0,1516.0,10.0,2098.0,1541.0,1.0
445,42.7008,-0.1833,0.1756185878092939,2148.0,2043.0,2243.0,2732.0,2367.0,3214.0,3674.0,3896.0,3951.0,1448.0,10.0,2142.0,1408.0,1.0
446,42.5843,0.5836,0.04022346368715084,4139.0,5118.0,5071.0,6013.0,6343.0,6626.0,6527.0,6517.0,6478.0,1389.0,17.0,909.0,654.0,1.0
447,40.4674,-5.3168,0.16805061289047055,1470.0,1683.0,1753.0,2104.0,2073.0,2301.0,2528.0,2954.0,2679.0,1327.0,19.0,2851.0,2142.0,2.0
448,39.0675,-0.2667,0.014421252371916509,1728.0,2189.0,2283.0,2597.0,2377.0,2692.0,3114.0,2673.0,3085.0,775.0,14.0,3219.0,2665.0,17.0
449,39.8673,-5.9002,0.1905604719764012,1572.0,1507.0,1585.0,2058.0,2192.0,2569.0,2898.0,3027.0,3381.0,928.0,16.0,4636.0,3257.0,3.0
450,41.3174,2.0003,0.17458650564452613,1582.0,1455.0,1458.0,1572.0,1691.0,2216.0,2524.0,2237.0,2622.0,549.0,13.0,2512.0,1922.0,21.0
451,41.2674,0.0668,0.15121059844677937,1749.0,1466.0,1540.0,1858.0,2261.0,2475.0,2686.0,2520.0,2856.0,1428.0,22.0,3563.0,3008.0,21.0
452,39.1173,-1.0666,0.16781334131020043,1575.0,1315.0,1291.0,1391.0,1515.0,1909.0,2052.0,1952.0,2153.0,726.0,16.0,2794.0,2118.0,12.0
453,39.0673,-1.0832,0.16785312851255152,1473.0,1336.0,1548.0,2221.0,2175.0,2716.0,2983.0,3117.0,3242.0,1091.0,17.0,3255.0,2533.0,23.0
454,43.4342,-7.8336,0.03869601488801899,7369.0,7403.0,6989.0,7490.0,7606.0,7942.0,8182.0,8093.0,8385.0,4193.0,134.0,6300.0,4820.0,2.0
455,43.4341,-7.8336,0.032212434900019286,7369.0,7326.0,6974.0,7526.0,7606.0,7942.0,8182.0,8027.0,8385.0,4193.0,134.0,6300.0,4820.0,1.0
456,40.0674,-3.8334,0.15418023887079263,1617.0,1593.0,1774.0,2337.0,2662.0,3050.0,3352.0,3189.0,3807.0,1060.0,17.0,4176.0,2671.0,11.0
457,39.884,-4.0168,0.11615663047054953,1623.0,1719.0,1968.0,2686.0,2869.0,3145.0,3436.0,3392.0,3803.0,1134.0,16.0,4365.0,2758.0,10.0
458,39.9007,-4.0667,0.19969119917653114,1356.0,1199.0,1205.0,1555.0,1813.0,2058.0,2357.0,2331.0,2702.0,895.0,16.0,3340.0,2012.0,24.0
459,39.9007,-4.0834,0.1464968152866242,1357.0,1343.0,1451.0,2010.0,2241.0,2419.0,2743.0,2700.0,3028.0,848.0,15.0,3575.0,2210.0,18.0
460,40.784,-2.6667,0.1573543928923988,1390.0,1432.0,1599.0,2134.0,2553.0,2823.0,3138.0,2931.0,3411.0,1392.0,17.0,4197.0,3124.0,11.0
461,40.784,-1.6333,0.06042460533478498,1646.0,1494.0,1426.0,1726.0,1838.0,1955.0,2026.0,1948.0,2050.0,819.0,17.0,2668.0,2145.0,4.0
462,40.784,-1.6333,0.06042460533478498,1646.0,1494.0,1426.0,1726.0,1838.0,1955.0,2026.0,1948.0,2050.0,819.0,17.0,2668.0,2145.0,4.0
463,41.5507,-0.5665,0.1373913043478261,1979.0,1629.0,1621.0,1736.0,1894.0,2162.0,2350.0,2289.0,2558.0,831.0,10.0,2631.0,1636.0,18.0
464,37.4838,-2.7666,0.13723196881091618,1883.0,2019.0,2009.0,2213.0,2412.0,2869.0,3150.0,2917.0,3254.0,1139.0,16.0,2804.0,2226.0,22.0
465,37.4832,-2.7665,0.14010928961748634,1834.0,1624.0,1626.0,1967.0,2176.0,2423.0,2687.0,2608.0,2792.0,1181.0,16.0,3131.0,2744.0,23.0
466,37.4839,-2.7667,0.08662242403073699,2315.0,2220.0,2296.0,2615.0,2944.0,3159.0,3340.0,3111.0,3489.0,1304.0,17.0,3104.0,2498.0,22.0
467,37.4839,-2.7667,0.08662242403073699,2315.0,2220.0,2296.0,2615.0,2944.0,3159.0,3340.0,3111.0,3489.0,1304.0,17.0,3104.0,2498.0,19.0
468,37.4843,-2.7671,0.17302173021730216,2188.0,2015.0,1938.0,2017.0,2543.0,2734.0,2949.0,2861.0,3208.0,1253.0,17.0,2994.0,2593.0,22.0
469,37.4837,-2.767,0.08191513501248014,1842.0,1620.0,1720.0,2023.0,2134.0,2446.0,2603.0,2384.0,2707.0,1125.0,17.0,2736.0,2261.0,13.0
470,37.4872,-2.7659,0.09969257795344752,1691.0,1444.0,1560.0,2050.0,2158.0,2458.0,2636.0,2504.0,2733.0,1218.0,17.0,3387.0,3080.0,26.0
471,37.4861,-2.7673,0.08589655958077011,2257.0,1414.0,1431.0,2006.0,2445.0,2701.0,2830.0,2383.0,2809.0,1369.0,17.0,2980.0,2515.0,26.0
472,37.6669,-1.7001,0.005451528798293435,1821.0,1860.0,1742.0,2098.0,2057.0,2095.0,2322.0,2121.0,2147.0,751.0,12.0,2468.0,1912.0,24.0
473,37.5673,-1.8166,0.054715424800659884,1666.0,1484.0,1469.0,1719.0,1671.0,1879.0,1981.0,1918.0,1907.0,731.0,19.0,2270.0,1807.0,13.0
474,37.6673,-1.7,0.025128498001142203,1821.0,1575.0,1512.0,1707.0,1265.0,1609.0,1980.0,1795.0,1260.0,751.0,12.0,1722.0,1389.0,10.0
475,37.4839,-2.7671,0.057905245961154476,2188.0,2175.0,2293.0,2595.0,2684.0,2871.0,3209.0,2914.0,3334.0,1253.0,17.0,3185.0,2544.0,5.0
476,37.4873,-2.7649,0.11817351598173516,1809.0,1992.0,2122.0,2414.0,2544.0,2857.0,3166.0,3061.0,3269.0,1332.0,15.0,3425.0,2810.0,27.0
477,37.6011,-1.4298,0.18994082840236687,1640.0,1384.0,1260.0,1369.0,1646.0,1854.0,2113.0,2011.0,2283.0,692.0,14.0,2501.0,1895.0,20.0
478,37.3506,-2.1833,0.07963118189438391,1720.0,1768.0,1888.0,2196.0,2273.0,2510.0,2698.0,2576.0,2789.0,881.0,13.0,2809.0,2219.0,10.0
479,37.3839,-2.15,0.09055118110236221,1884.0,1768.0,1968.0,2310.0,2378.0,2552.0,2725.0,2770.0,2999.0,1051.0,14.0,3543.0,2746.0,9.0
480,37.3506,-2.5,0.07502517623363544,1435.0,1451.0,1543.0,1837.0,1824.0,1963.0,2125.0,2135.0,2257.0,797.0,16.0,2823.0,2147.0,9.0
481,37.8026,-2.4055,0.12073732718894009,2044.0,1950.0,2160.0,2862.0,3303.0,3522.0,3887.0,3648.0,4190.0,1915.0,27.0,4900.0,3622.0,17.0
482,37.5839,-2.2666,0.05740181268882175,1503.0,1534.0,1798.0,2496.0,2537.0,2767.0,2874.0,2800.0,2972.0,1143.0,15.0,2537.0,2059.0,36.0
483,36.8673,-2.05,0.1601637107776262,1560.0,1374.0,1349.0,1539.0,1684.0,1977.0,2160.0,2126.0,2334.0,747.0,17.0,2707.0,1882.0,13.0
484,36.7612,-2.1186,0.12297372833985466,1555.0,1372.0,1319.0,1569.0,1715.0,1938.0,2070.0,2009.0,2176.0,731.0,14.0,2843.0,2181.0,8.0
485,37.6673,-1.6998,0.013458950201884253,1821.0,1733.0,1652.0,2199.0,2158.0,1475.0,1568.0,2259.0,2311.0,751.0,12.0,1896.0,1462.0,13.0
486,37.8506,-1.8666,0.08181449979748887,1838.0,1619.0,1765.0,2267.0,2370.0,2504.0,2699.0,2671.0,2901.0,1370.0,18.0,3873.0,3118.0,37.0
487,37.7173,-2.1666,0.12570682905611136,1710.0,1990.0,2387.0,3015.0,3295.0,3566.0,3974.0,3882.0,4226.0,1633.0,19.0,4828.0,3664.0,40.0
488,36.9006,-3.2833,0.08153078202995008,1526.0,1523.0,1567.0,1656.0,1670.0,1930.0,2033.0,1950.0,2098.0,602.0,8.0,1948.0,1411.0,48.0
489,37.3339,-3.0167,0.14327272727272727,1383.0,1383.0,1523.0,1767.0,1939.0,2218.0,2386.0,2358.0,2550.0,1110.0,17.0,2919.0,2241.0,23.0
490,37.1839,-3.0667,0.08836558638377244,1509.0,1420.0,1539.0,1955.0,2047.0,2219.0,2397.0,2334.0,2494.0,1000.0,13.0,3026.0,2439.0,5.0
491,37.1839,-3.0661,0.07011915673693858,1550.0,1493.0,1621.0,2029.0,2127.0,2277.0,2424.0,2335.0,2557.0,1004.0,13.0,2887.0,2327.0,10.0
492,37.184,-3.0667,0.07563827248866618,1517.0,1433.0,1539.0,1937.0,2037.0,2218.0,2369.0,2254.0,2489.0,1006.0,15.0,2978.0,2389.0,12.0
493,37.1673,-3.1333,0.16979887899769205,1321.0,1191.0,1195.0,1259.0,1430.0,1763.0,1973.0,1774.0,2232.0,1048.0,10.0,1675.0,1145.0,12.0
494,36.9506,-2.05,0.13872340425531915,1561.0,1434.0,1396.0,1518.0,1646.0,1914.0,2029.0,2007.0,2224.0,766.0,17.0,3007.0,2155.0,24.0
495,36.8339,-2.4333,0.0726552179656539,1773.0,1831.0,1793.0,2106.0,2039.0,2349.0,2559.0,2436.0,2658.0,792.0,15.0,2557.0,1967.0,42.0
496,36.8839,-2.2166,0.08045068195295513,1884.0,1792.0,1846.0,2326.0,2310.0,2516.0,2687.0,2733.0,2781.0,810.0,18.0,2965.0,2421.0,31.0
497,37.1839,-2.0666,0.11436950146627566,1471.0,1360.0,1387.0,1661.0,1757.0,2042.0,2180.0,2090.0,2388.0,928.0,16.0,3405.0,2525.0,4.0
498,37.2506,-1.8666,0.16063548102383055,1760.0,1582.0,1651.0,1902.0,2228.0,2566.0,2736.0,2630.0,3035.0,876.0,20.0,3123.0,2309.0,6.0
499,37.2839,-2.1833,0.1846057571964956,1509.0,1188.0,1145.0,1303.0,1527.0,1769.0,1903.0,1893.0,2151.0,848.0,14.0,2876.0,2084.0,14.0
500,37.284,-2.1833,0.1343065693430657,1524.0,1581.0,1595.0,1779.0,1742.0,2005.0,2217.0,2331.0,2434.0,912.0,13.0,2960.0,2126.0,12.0
501,37.2516,-1.9794,0.14564732142857142,1418.0,1331.0,1331.0,1531.0,1610.0,1838.0,2057.0,2053.0,2225.0,706.0,13.0,2720.0,1940.0,9.0
502,37.3173,-2.1833,0.05322128851540616,1626.0,1624.0,1640.0,1859.0,1873.0,1984.0,2162.0,2068.0,2241.0,759.0,13.0,2798.0,2084.0,12.0
503,37.2497,-1.8102,0.15627889772517106,2010.0,1714.0,1838.0,2281.0,2503.0,3116.0,3458.0,3126.0,3572.0,1052.0,15.0,3250.0,2394.0,9.0
504,37.7173,-2.7167,0.18181818181818182,1443.0,1292.0,1363.0,1512.0,1716.0,2022.0,2171.0,2184.0,2371.0,1012.0,16.0,2935.0,2113.0,36.0
505,37.5941,-2.4515,0.10821759259259259,1755.0,1852.0,2210.0,3082.0,3188.0,3517.0,3748.0,3830.0,4013.0,1773.0,20.0,4577.0,3584.0,65.0
506,37.5839,-2.4333,0.10631523085087564,1643.0,1490.0,1771.0,2526.0,2644.0,2975.0,3170.0,3127.0,3321.0,1463.0,19.0,3747.0,3033.0,37.0
507,37.8006,-2.2,0.047948044769932294,2369.0,2626.0,2974.0,3445.0,3567.0,3735.0,3943.0,3792.0,4100.0,1618.0,22.0,4691.0,3864.0,33.0
508,37.7173,-2.1833,0.15151515151515152,1373.0,1379.0,1634.0,2240.0,2351.0,2787.0,3096.0,3040.0,3259.0,1296.0,17.0,3732.0,2911.0,27.0
509,37.534,-2.4518,0.09875104079933389,1463.0,1559.0,1870.0,2706.0,2724.0,3052.0,3245.0,3299.0,3441.0,1317.0,17.0,3642.0,2599.0,46.0
510,37.5339,-2.45,0.11136668583477094,1536.0,1452.0,1762.0,2318.0,2485.0,2829.0,2992.0,2899.0,2995.0,1257.0,18.0,3336.0,2614.0,51.0
511,37.5898,-2.4527,0.12482524465747953,1552.0,1441.0,1608.0,2191.0,2416.0,2666.0,2887.0,2816.0,3175.0,1431.0,20.0,3951.0,3333.0,56.0
512,37.6173,-2.4166,0.15486348122866894,1565.0,1428.0,1587.0,1981.0,2286.0,2506.0,2747.0,2707.0,3061.0,1467.0,22.0,4299.0,3423.0,36.0
513,37.5839,-2.4833,0.07484981328137685,1820.0,1871.0,2207.0,2849.0,3112.0,3317.0,3536.0,3310.0,3550.0,1371.0,18.0,3687.0,2942.0,43.0
514,37.534,-2.4497,0.09114062215754047,1536.0,1542.0,1925.0,2498.0,2691.0,2989.0,3163.0,2999.0,3192.0,1257.0,18.0,3466.0,2769.0,46.0
515,37.5956,-2.4459,0.1218954248366013,1707.0,1647.0,1896.0,2687.0,2941.0,3233.0,3502.0,3433.0,3826.0,1676.0,21.0,4561.0,3587.0,26.0
516,37.8174,-2.3665,0.09413274233057273,2481.0,2699.0,3094.0,3883.0,4332.0,4638.0,4913.0,4690.0,5295.0,2308.0,27.0,5676.0,4207.0,83.0
517,37.8173,-2.3666,0.10007340347443112,2481.0,2537.0,2922.0,3678.0,3833.0,4134.0,4472.0,4496.0,4855.0,2308.0,27.0,5483.0,4056.0,34.0
518,37.8173,-2.2833,0.10406852248394004,1806.0,1923.0,2269.0,3138.0,3383.0,3661.0,3946.0,3867.0,4307.0,1837.0,24.0,5088.0,4061.0,29.0
519,37.53,-2.45,0.04970178926441352,1372.0,1089.0,1219.0,1673.0,1927.0,2016.0,2167.0,1848.0,2091.0,939.0,14.0,2269.0,1787.0,43.0
520,37.5339,-2.4833,0.14516834280717097,1624.0,1481.0,1597.0,1955.0,2364.0,2518.0,2747.0,2619.0,3008.0,1454.0,18.0,3537.0,2705.0,15.0
521,37.5688,-2.2838,0.07023954526999594,1848.0,1918.0,1955.0,2290.0,2373.0,2576.0,2791.0,2636.0,2861.0,1189.0,14.0,2602.0,2104.0,25.0
522,37.5506,-2.25,0.052097248196633715,1315.0,1202.0,1375.0,1774.0,1827.0,1945.0,2088.0,1969.0,2070.0,813.0,11.0,1931.0,1570.0,15.0
523,37.6006,-2.3833,0.12196027473547429,1419.0,1413.0,1658.0,2365.0,2547.0,2810.0,3086.0,3022.0,3278.0,1383.0,19.0,3915.0,3202.0,14.0
524,36.7839,-3.1991,0.11584754262788365,1683.0,1652.0,1663.0,1763.0,1784.0,2045.0,2232.0,2225.0,2326.0,623.0,9.0,2234.0,1622.0,12.0
525,36.7839,-3.2,0.033231474407944994,1672.0,2358.0,2367.0,2531.0,2456.0,2607.0,2790.0,2705.0,2961.0,673.0,9.0,2366.0,1595.0,10.0
526,36.7839,-3.4167,0.14628863949596377,1514.0,1511.0,1707.0,2168.0,2213.0,2527.0,2758.0,2911.0,2919.0,882.0,11.0,3506.0,2775.0,6.0
527,36.7506,-3.5167,0.0757821552723059,2002.0,1666.0,1759.0,1994.0,2212.0,2597.0,2676.0,2321.0,2714.0,694.0,13.0,3219.0,2636.0,47.0
528,36.7506,-3.3167,0.03422222222222222,2816.0,1730.0,1977.0,2173.0,2203.0,2476.0,2743.0,2327.0,2912.0,812.0,9.0,2725.0,1924.0,18.0
529,37.7673,-1.4996,0.1746341463414634,1792.0,1410.0,1217.0,1269.0,1656.0,1877.0,2042.0,1806.0,1954.0,727.0,9.0,2204.0,1783.0,7.0
530,37.8506,-1.4157,0.058987090367428004,1923.0,1786.0,1786.0,2369.0,1970.0,2078.0,2471.0,2666.0,2538.0,739.0,14.0,2982.0,2737.0,22.0
531,38.2006,-3.5,0.1762041992589543,1424.0,1294.0,1394.0,2001.0,2083.0,2653.0,2945.0,2857.0,3127.0,1137.0,18.0,2906.0,2341.0,10.0
532,38.0173,-3.3667,0.09576750536376048,1780.0,1514.0,1598.0,2318.0,2642.0,2876.0,2985.0,2809.0,3049.0,1052.0,18.0,3685.0,3406.0,25.0
533,37.7173,-3.9501,0.16516308119361556,1822.0,1813.0,1942.0,2406.0,2658.0,3268.0,3526.0,3358.0,3981.0,1441.0,17.0,3540.0,2612.0,29.0
534,37.734,-0.951,0.06316422699017446,1879.0,1639.0,1700.0,2336.0,2426.0,2760.0,3033.0,2651.0,2950.0,913.0,21.0,3132.0,2861.0,14.0
535,37.8034,-1.3888,0.03051579800162031,2099.0,1883.0,1747.0,1795.0,1858.0,1995.0,2260.0,1908.0,2099.0,599.0,12.0,2844.0,1884.0,9.0
536,37.7784,-1.4082,0.14162754303599373,1942.0,1806.0,1899.0,2194.0,2389.0,2848.0,3060.0,2918.0,3232.0,901.0,9.0,3067.0,2359.0,14.0
537,38.784,-0.5165,0.14817658349328214,1683.0,1909.0,1990.0,2219.0,2490.0,2766.0,3082.0,2991.0,3175.0,996.0,19.0,3303.0,2744.0,15.0
538,42.6524,-2.1915,0.195221027479092,1274.0,1096.0,1222.0,1684.0,2014.0,2315.0,2511.0,2501.0,2677.0,1319.0,17.0,3349.0,2504.0,22.0
539,38.2506,-3.2,0.08542141230068337,1702.0,1655.0,1888.0,2409.0,2583.0,2702.0,3014.0,2859.0,3026.0,991.0,18.0,3702.0,3227.0,18.0
540,41.434,0.1343,0.15998412068281065,1529.0,1636.0,1741.0,2116.0,2288.0,2651.0,2914.0,2922.0,3209.0,743.0,15.0,3878.0,2840.0,27.0
541,41.4348,0.1335,0.07952468007312614,1737.0,2019.0,2290.0,3021.0,3063.0,3450.0,3752.0,3543.0,4040.0,873.0,15.0,4512.0,3138.0,21.0
542,41.4341,0.1335,0.15241935483870966,1633.0,1592.0,1689.0,2102.0,2086.0,2504.0,2877.0,2858.0,3117.0,798.0,13.0,3488.0,2587.0,16.0
543,41.5674,-0.5999,0.16998950682056663,1436.0,1516.0,1514.0,1582.0,1517.0,1863.0,2072.0,2230.0,2302.0,621.0,12.0,2237.0,1287.0,7.0
544,41.4841,-0.4665,0.095777887300805,2027.0,2119.0,2291.0,2752.0,2884.0,3141.0,3478.0,3335.0,3750.0,1057.0,16.0,4083.0,3031.0,11.0
545,41.6189,2.1804,0.1222684703433923,1570.0,1406.0,1394.0,1687.0,1621.0,2057.0,2230.0,2157.0,2426.0,556.0,13.0,3070.0,2692.0,7.0
546,37.6673,-1.0332,0.12904059994828032,1434.0,1176.0,1083.0,1684.0,1796.0,2132.0,2320.0,2183.0,2390.0,839.0,14.0,2695.0,1983.0,5.0
547,38.3812,-1.1166,0.18897799712111865,2086.0,1702.0,1624.0,1972.0,1990.0,2469.0,2659.0,2891.0,3151.0,1017.0,22.0,3587.0,2583.0,2.0
548,37.6506,-4.5756,0.09832134292565947,1846.0,1997.0,2336.0,3196.0,3300.0,3674.0,4030.0,3893.0,4265.0,1251.0,22.0,5228.0,4217.0,24.0
549,37.5556,-4.7268,0.0906764168190128,1792.0,1884.0,2096.0,2487.0,2569.0,2813.0,3027.0,2983.0,3296.0,1057.0,18.0,3928.0,2807.0,19.0
550,37.4631,-4.5543,0.108003108003108,1534.0,1310.0,1341.0,1722.0,1903.0,2212.0,2423.0,2139.0,2586.0,961.0,16.0,2771.0,2330.0,19.0
551,37.432,-4.5901,0.1968880909634949,1765.0,1688.0,1788.0,2013.0,2136.0,2755.0,3126.0,3000.0,3449.0,1170.0,19.0,3386.0,2398.0,23.0
552,42.2007,-1.4996,0.049310974597376725,1888.0,1887.0,2320.0,2863.0,2905.0,3128.0,3299.0,3160.0,3435.0,1050.0,15.0,4298.0,3437.0,26.0
553,42.2006,-1.4999,0.06192800488102502,1888.0,1991.0,2460.0,3075.0,3126.0,3324.0,3582.0,3481.0,3722.0,1050.0,15.0,4610.0,3858.0,28.0
